path,true_label,predicted_label,confidence
,angry,fear,0.2895
,angry,angry,0.6453
,angry,angry,0.3064
,angry,angry,0.3553
,angry,angry,0.851
,angry,fear,0.3959
,angry,disgust,0.3229
,angry,angry,0.3927
,angry,neutral,0.5823
,angry,angry,0.8891
,angry,angry,0.4479
,angry,neutral,0.2524
,angry,happy,0.5357
,angry,angry,0.4335
,angry,happy,0.2535
,angry,angry,0.3686
,angry,angry,0.6963
,angry,surprise,0.3795
,angry,sad,0.6018
,angry,happy,0.3582
,angry,angry,0.5278
,angry,happy,0.4506
,angry,disgust,0.774
,angry,angry,0.3257
,angry,neutral,0.3521
,angry,happy,0.4963
,angry,sad,0.4059
,angry,angry,0.3652
,angry,angry,0.4075
,angry,angry,0.3579
,angry,happy,0.2528
,angry,sad,0.3539
,angry,angry,0.6345
,angry,sad,0.343
,angry,neutral,0.3633
,angry,angry,0.4346
,angry,neutral,0.3732
,angry,sad,0.2703
,angry,angry,0.3596
,angry,angry,0.9003
,angry,sad,0.4048
,angry,angry,0.4595
,angry,angry,0.5102
,angry,surprise,0.5068
,angry,surprise,0.4423
,angry,angry,0.4776
,angry,happy,0.2352
,angry,sad,0.5094
,angry,sad,0.3006
,angry,fear,0.4971
,angry,sad,0.3914
,angry,angry,0.3536
,angry,angry,0.4433
,angry,happy,0.471
,angry,angry,0.4523
,angry,angry,0.968
,angry,happy,0.4328
,angry,angry,0.4774
,angry,angry,0.2842
,angry,sad,0.3271
,angry,angry,0.4377
,angry,angry,0.6962
,angry,surprise,0.6546
,angry,angry,0.4737
,angry,surprise,0.3805
,angry,sad,0.4127
,angry,happy,0.578
,angry,sad,0.319
,angry,neutral,0.2889
,angry,angry,0.7016
,angry,angry,0.5224
,angry,angry,0.3502
,angry,fear,0.3548
,angry,sad,0.3524
,angry,angry,0.691
,angry,fear,0.2554
,angry,sad,0.2859
,angry,happy,0.3338
,angry,happy,0.3617
,angry,angry,0.4478
,angry,angry,0.4677
,angry,angry,0.5806
,angry,neutral,0.3615
,angry,angry,0.3816
,angry,happy,0.3452
,angry,neutral,0.4196
,angry,happy,0.313
,angry,angry,0.5229
,angry,disgust,0.6721
,angry,neutral,0.3829
,angry,angry,0.339
,angry,angry,0.2877
,angry,neutral,0.4209
,angry,disgust,0.2939
,angry,angry,0.3461
,angry,angry,0.4907
,angry,angry,0.4525
,angry,angry,0.5277
,angry,disgust,0.791
,angry,sad,0.31
,angry,angry,0.4536
,angry,surprise,0.4606
,angry,happy,0.3826
,angry,angry,0.3943
,angry,neutral,0.3794
,angry,neutral,0.3242
,angry,angry,0.3186
,angry,disgust,0.758
,angry,surprise,0.5149
,angry,angry,0.7254
,angry,sad,0.2682
,angry,angry,0.3605
,angry,sad,0.3931
,angry,angry,0.7323
,angry,neutral,0.4797
,angry,angry,0.3811
,angry,angry,0.3632
,angry,angry,0.5703
,angry,neutral,0.3744
,angry,disgust,0.4597
,angry,neutral,0.4287
,angry,angry,0.8291
,angry,angry,0.5709
,angry,disgust,0.4451
,angry,angry,0.3816
,angry,angry,0.4119
,angry,angry,0.5426
,angry,angry,0.2594
,angry,angry,0.687
,angry,neutral,0.548
,angry,angry,0.7826
,angry,neutral,0.3108
,angry,angry,0.3831
,angry,angry,0.3643
,angry,surprise,0.3261
,angry,neutral,0.3923
,angry,happy,0.794
,angry,sad,0.3377
,angry,angry,0.5099
,angry,angry,0.3788
,angry,angry,0.6917
,angry,happy,0.2952
,angry,neutral,0.3241
,angry,angry,0.468
,angry,disgust,0.4968
,angry,angry,0.3074
,angry,angry,0.4862
,angry,neutral,0.306
,angry,fear,0.3327
,angry,angry,0.3637
,angry,angry,0.4005
,angry,surprise,0.4616
,angry,happy,0.5453
,angry,angry,0.4552
,angry,angry,0.425
,angry,happy,0.3007
,angry,angry,0.5566
,angry,fear,0.5187
,angry,angry,0.5181
,angry,disgust,0.3957
,angry,angry,0.8236
,angry,fear,0.4784
,angry,neutral,0.2928
,angry,happy,0.3395
,angry,angry,0.4848
,angry,angry,0.398
,angry,angry,0.4238
,angry,angry,0.7333
,angry,angry,0.3945
,angry,angry,0.2808
,angry,fear,0.3324
,angry,angry,0.3684
,angry,fear,0.2875
,angry,angry,0.529
,angry,angry,0.324
,angry,angry,0.3282
,angry,angry,0.9417
,angry,happy,0.2811
,angry,angry,0.4397
,angry,angry,0.3247
,angry,angry,0.4862
,angry,angry,0.4967
,angry,neutral,0.4108
,angry,angry,0.306
,angry,sad,0.2849
,angry,angry,0.3498
,angry,angry,0.2686
,angry,neutral,0.3296
,angry,angry,0.2651
,angry,neutral,0.8425
,angry,happy,0.2799
,angry,angry,0.4012
,angry,surprise,0.3178
,angry,sad,0.2931
,angry,happy,0.3993
,angry,angry,0.4437
,angry,sad,0.3478
,angry,fear,0.5036
,angry,neutral,0.3595
,angry,angry,0.7884
,angry,sad,0.2767
,angry,neutral,0.2805
,angry,happy,0.3254
,angry,neutral,0.2346
,angry,happy,0.2071
,angry,happy,0.5277
,angry,angry,0.4541
,angry,angry,0.578
,angry,angry,0.4291
,angry,neutral,0.3551
,angry,surprise,0.8505
,angry,neutral,0.4773
,angry,angry,0.2883
,angry,neutral,0.5779
,angry,angry,0.3649
,angry,angry,0.5627
,angry,angry,0.7348
,angry,neutral,0.264
,angry,angry,0.3189
,angry,angry,0.4586
,angry,angry,0.3784
,angry,angry,0.3146
,angry,angry,0.4784
,angry,surprise,0.443
,angry,angry,0.2618
,angry,sad,0.3236
,angry,angry,0.4222
,angry,disgust,0.336
,angry,angry,0.3168
,angry,sad,0.4208
,angry,angry,0.2628
,angry,happy,0.5098
,angry,sad,0.2828
,angry,sad,0.3556
,angry,neutral,0.5307
,angry,happy,0.2928
,angry,fear,0.8241
,angry,fear,0.3444
,angry,fear,0.3097
,angry,neutral,0.412
,angry,sad,0.5855
,angry,surprise,0.4897
,angry,neutral,0.6073
,angry,fear,0.3179
,angry,surprise,0.5824
,angry,neutral,0.5085
,angry,neutral,0.2723
,angry,surprise,0.6098
,angry,happy,0.2608
,angry,angry,0.2886
,angry,neutral,0.3986
,angry,sad,0.4941
,angry,angry,0.3647
,angry,angry,0.4345
,angry,neutral,0.3572
,angry,angry,0.8038
,angry,happy,0.4737
,angry,angry,0.5042
,angry,neutral,0.2893
,angry,sad,0.3086
,angry,disgust,0.4199
,angry,happy,0.4049
,angry,angry,0.3892
,angry,neutral,0.3354
,angry,happy,0.2334
,angry,angry,0.4439
,angry,angry,0.5074
,angry,angry,0.5461
,angry,angry,0.442
,angry,neutral,0.35
,angry,angry,0.5375
,angry,angry,0.422
,angry,angry,0.3265
,angry,sad,0.4118
,angry,fear,0.4672
,angry,angry,0.8569
,angry,angry,0.6943
,angry,angry,0.4564
,angry,fear,0.2763
,angry,fear,0.563
,angry,sad,0.5019
,angry,angry,0.2976
,angry,angry,0.2164
,angry,angry,0.2867
,angry,angry,0.271
,angry,angry,0.4826
,angry,angry,0.3106
,angry,surprise,0.3083
,angry,surprise,0.3006
,angry,sad,0.4434
,angry,angry,0.5355
,angry,angry,0.6302
,angry,angry,0.4116
,angry,disgust,0.806
,angry,angry,0.352
,angry,sad,0.2858
,angry,angry,0.3379
,angry,surprise,0.2655
,angry,angry,0.5476
,angry,neutral,0.2381
,angry,angry,0.3725
,angry,angry,0.3794
,angry,angry,0.2652
,angry,neutral,0.4273
,angry,neutral,0.3718
,angry,angry,0.7688
,angry,angry,0.3375
,angry,fear,0.5191
,angry,sad,0.3878
,angry,angry,0.7437
,angry,angry,0.5093
,angry,angry,0.3258
,angry,happy,0.3208
,angry,sad,0.3494
,angry,neutral,0.2686
,angry,fear,0.5101
,angry,disgust,0.9167
,angry,neutral,0.3801
,angry,fear,0.4243
,angry,surprise,0.4616
,angry,neutral,0.3479
,angry,angry,0.3803
,angry,neutral,0.3747
,angry,angry,0.33
,angry,neutral,0.3873
,angry,angry,0.6531
,angry,angry,0.4181
,angry,angry,0.3697
,angry,angry,0.5365
,angry,angry,0.3229
,angry,neutral,0.5466
,angry,neutral,0.6101
,angry,angry,0.4279
,angry,angry,0.6666
,angry,neutral,0.3426
,angry,angry,0.2927
,angry,surprise,0.3732
,angry,angry,0.5498
,angry,angry,0.4305
,angry,neutral,0.2982
,angry,angry,0.4336
,angry,angry,0.4588
,angry,fear,0.3812
,angry,angry,0.4396
,angry,sad,0.3432
,angry,angry,0.9027
,angry,angry,0.2992
,angry,sad,0.5005
,angry,surprise,0.3339
,angry,angry,0.5656
,angry,angry,0.3446
,angry,neutral,0.3969
,angry,neutral,0.483
,angry,angry,0.309
,angry,angry,0.3159
,angry,sad,0.3915
,angry,sad,0.365
,angry,angry,0.3242
,angry,sad,0.381
,angry,angry,0.2726
,angry,fear,0.3505
,angry,sad,0.3705
,angry,sad,0.4096
,angry,angry,0.6203
,angry,angry,0.3721
,angry,happy,0.3897
,angry,sad,0.3566
,angry,disgust,0.2594
,angry,happy,0.3481
,angry,sad,0.4289
,angry,surprise,0.7432
,angry,angry,0.4465
,angry,angry,0.4529
,angry,angry,0.6504
,angry,neutral,0.468
,angry,sad,0.3192
,angry,angry,0.3365
,angry,neutral,0.3059
,angry,angry,0.5085
,angry,neutral,0.2989
,angry,neutral,0.3382
,angry,angry,0.4163
,angry,neutral,0.2551
,angry,neutral,0.4313
,angry,happy,0.8526
,angry,happy,0.4685
,angry,surprise,0.4616
,angry,angry,0.3664
,angry,sad,0.3034
,angry,angry,0.3489
,angry,happy,0.4399
,angry,angry,0.3075
,angry,angry,0.6263
,angry,sad,0.3612
,angry,sad,0.3547
,angry,happy,0.3507
,angry,angry,0.3864
,angry,neutral,0.314
,angry,neutral,0.5134
,angry,angry,0.5913
,angry,neutral,0.4675
,angry,angry,0.405
,angry,angry,0.3539
,angry,angry,0.409
,angry,sad,0.3326
,angry,angry,0.2789
,angry,angry,0.4046
,angry,neutral,0.5728
,angry,angry,0.3427
,angry,angry,0.3927
,angry,sad,0.5215
,angry,fear,0.2568
,angry,angry,0.3117
,angry,angry,0.7034
,angry,angry,0.5099
,angry,angry,0.6563
,angry,angry,0.504
,angry,neutral,0.2238
,angry,sad,0.2951
,angry,fear,0.2284
,angry,sad,0.3357
,angry,happy,0.342
,angry,happy,0.5632
,angry,angry,0.5099
,angry,happy,0.3942
,angry,angry,0.4416
,angry,angry,0.5375
,angry,fear,0.2319
,angry,neutral,0.3707
,angry,happy,0.3489
,angry,disgust,0.634
,angry,angry,0.316
,angry,fear,0.2915
,angry,fear,0.2295
,angry,angry,0.5518
,angry,happy,0.3195
,angry,fear,0.338
,angry,sad,0.4498
,angry,happy,0.5756
,angry,disgust,0.3924
,angry,angry,0.3278
,angry,sad,0.2738
,angry,sad,0.3979
,angry,angry,0.428
,angry,fear,0.3832
,angry,happy,0.7947
,angry,angry,0.33
,angry,angry,0.3208
,angry,neutral,0.2549
,angry,angry,0.4052
,angry,disgust,0.3065
,angry,angry,0.3031
,angry,angry,0.377
,angry,fear,0.4567
,angry,angry,0.492
,angry,happy,0.514
,angry,neutral,0.5812
,angry,neutral,0.1954
,angry,sad,0.2851
,angry,neutral,0.3643
,angry,angry,0.5581
,angry,neutral,0.4515
,angry,angry,0.5135
,angry,angry,0.6786
,angry,neutral,0.3077
,angry,surprise,0.2931
,angry,sad,0.3596
,angry,disgust,0.4087
,angry,happy,0.5025
,angry,angry,0.7617
,angry,neutral,0.2816
,angry,sad,0.4005
,angry,angry,0.2699
,angry,angry,0.4191
,angry,neutral,0.47
,angry,fear,0.7759
,angry,surprise,0.4886
,angry,surprise,0.2454
,angry,surprise,0.7369
,angry,fear,0.237
,angry,angry,0.295
,angry,disgust,0.422
,angry,surprise,0.6461
,angry,fear,0.3418
,angry,neutral,0.314
,angry,angry,0.7663
,angry,angry,0.5787
,angry,angry,0.7371
,angry,disgust,0.7102
,angry,sad,0.2223
,angry,angry,0.4529
,angry,angry,0.2606
,angry,angry,0.3953
,angry,sad,0.2655
,angry,happy,0.4319
,angry,angry,0.265
,angry,angry,0.4329
,angry,angry,0.5255
,angry,angry,0.4996
,angry,fear,0.3604
,angry,angry,0.2879
,angry,neutral,0.4219
,angry,disgust,0.3411
,angry,sad,0.3208
,angry,angry,0.4383
,angry,angry,0.4326
,angry,neutral,0.2752
,angry,sad,0.3848
,angry,angry,0.6315
,angry,angry,0.4644
,angry,sad,0.3166
,angry,angry,0.3757
,angry,angry,0.3413
,angry,angry,0.7769
,angry,angry,0.3764
,angry,sad,0.4005
,angry,neutral,0.3054
,angry,angry,0.4755
,angry,angry,0.3004
,angry,neutral,0.3465
,angry,happy,0.3903
,angry,angry,0.2634
,angry,angry,0.4641
,angry,angry,0.4212
,angry,angry,0.2933
,angry,angry,0.8736
,angry,fear,0.4255
,angry,sad,0.356
,angry,angry,0.2373
,angry,angry,0.4055
,angry,neutral,0.5216
,angry,angry,0.3459
,angry,angry,0.3178
,angry,neutral,0.4397
,angry,angry,0.2938
,angry,angry,0.3293
,angry,angry,0.605
,angry,neutral,0.3628
,angry,happy,0.4092
,angry,angry,0.2924
,angry,disgust,0.6376
,angry,neutral,0.2707
,angry,neutral,0.2886
,angry,angry,0.282
,angry,neutral,0.4384
,angry,angry,0.2823
,angry,happy,0.7002
,angry,neutral,0.3176
,angry,angry,0.3526
,angry,neutral,0.5113
,angry,fear,0.4099
,angry,disgust,0.2926
,angry,angry,0.5165
,angry,neutral,0.2872
,angry,neutral,0.3714
,angry,surprise,0.5266
,angry,disgust,0.6523
,angry,angry,0.3734
,angry,neutral,0.3175
,angry,angry,0.6115
,angry,happy,0.4875
,angry,happy,0.7889
,angry,angry,0.2839
,angry,surprise,0.4086
,angry,angry,0.8685
,angry,angry,0.4374
,angry,sad,0.3832
,angry,surprise,0.6246
,angry,angry,0.3092
,angry,sad,0.2298
,angry,happy,0.5478
,angry,surprise,0.7958
,angry,sad,0.2932
,angry,neutral,0.337
,angry,angry,0.294
,angry,angry,0.3067
,angry,surprise,0.8707
,angry,sad,0.4593
,angry,angry,0.4266
,angry,angry,0.3703
,angry,angry,0.4939
,angry,angry,0.4409
,angry,angry,0.2936
,angry,sad,0.4081
,angry,neutral,0.2773
,angry,neutral,0.2779
,angry,neutral,0.2828
,angry,surprise,0.4535
,angry,surprise,0.4324
,angry,happy,0.5872
,angry,angry,0.2919
,angry,sad,0.5088
,angry,sad,0.4107
,angry,sad,0.2921
,angry,angry,0.428
,angry,fear,0.7829
,angry,disgust,0.3483
,angry,happy,0.3337
,angry,surprise,0.7094
,angry,angry,0.318
,angry,angry,0.4757
,angry,angry,0.4663
,angry,angry,0.4404
,angry,neutral,0.3016
,angry,neutral,0.3434
,angry,angry,0.3581
,angry,sad,0.5712
,angry,angry,0.5148
,angry,angry,0.2504
,angry,angry,0.3722
,angry,angry,0.5441
,angry,sad,0.3394
,angry,happy,0.4768
,angry,sad,0.3096
,angry,neutral,0.634
,angry,fear,0.3311
,angry,angry,0.4041
,angry,angry,0.5067
,angry,fear,0.4314
,angry,fear,0.3721
,angry,angry,0.4355
,angry,neutral,0.3823
,angry,happy,0.3025
,angry,angry,0.4886
,angry,disgust,0.4574
,angry,disgust,0.5571
,angry,angry,0.4047
,angry,sad,0.237
,angry,sad,0.2742
,angry,neutral,0.4416
,angry,angry,0.2516
,angry,sad,0.3495
,angry,neutral,0.4698
,angry,angry,0.3122
,angry,angry,0.4274
,angry,angry,0.3475
,angry,angry,0.7245
,angry,angry,0.5973
,angry,neutral,0.4569
,angry,sad,0.4803
,angry,angry,0.5329
,angry,angry,0.3525
,angry,angry,0.423
,angry,angry,0.433
,angry,angry,0.377
,angry,happy,0.4643
,angry,angry,0.387
,angry,angry,0.7949
,angry,neutral,0.4514
,angry,angry,0.669
,angry,surprise,0.6302
,angry,neutral,0.2398
,angry,angry,0.4281
,angry,angry,0.3921
,angry,angry,0.678
,angry,sad,0.3333
,angry,neutral,0.2637
,angry,angry,0.8822
,angry,angry,0.2594
,angry,angry,0.8284
,angry,angry,0.4003
,angry,neutral,0.5216
,angry,angry,0.2428
,angry,happy,0.3249
,angry,disgust,0.4
,angry,neutral,0.759
,angry,angry,0.3592
,angry,angry,0.2872
,angry,angry,0.461
,angry,angry,0.4854
,angry,happy,0.4777
,angry,angry,0.4598
,angry,surprise,0.2213
,angry,happy,0.1888
,angry,angry,0.341
,angry,angry,0.3195
,angry,angry,0.3104
,angry,sad,0.2794
,angry,angry,0.6364
,angry,angry,0.3217
,angry,neutral,0.3905
,angry,neutral,0.4099
,angry,happy,0.2033
,angry,neutral,0.4025
,angry,sad,0.2794
,angry,angry,0.3188
,angry,happy,0.4281
,angry,angry,0.2834
,angry,happy,0.4824
,angry,disgust,0.2911
,angry,neutral,0.4026
,angry,disgust,0.3031
,angry,angry,0.403
,angry,angry,0.6839
,angry,happy,0.4132
,angry,happy,0.2584
,angry,sad,0.2613
,angry,happy,0.3266
,angry,sad,0.297
,angry,surprise,0.3997
,angry,angry,0.4457
,angry,surprise,0.5795
,angry,angry,0.2914
,angry,disgust,0.3085
,angry,sad,0.3225
,angry,angry,0.4755
,angry,neutral,0.7972
,angry,surprise,0.2901
,angry,angry,0.3333
,angry,neutral,0.4517
,angry,surprise,0.4118
,angry,neutral,0.3119
,angry,fear,0.5341
,angry,disgust,0.7056
,angry,angry,0.8828
,angry,neutral,0.3454
,angry,angry,0.8526
,angry,angry,0.2931
,angry,fear,0.8487
,angry,happy,0.305
,angry,angry,0.388
,angry,sad,0.3732
,angry,angry,0.6367
,angry,angry,0.2645
,angry,angry,0.825
,angry,happy,0.3383
,angry,angry,0.3901
,angry,neutral,0.4286
,angry,angry,0.4322
,angry,angry,0.233
,angry,angry,0.1779
,angry,angry,0.396
,angry,sad,0.4389
,angry,angry,0.5639
,angry,surprise,0.6405
,angry,angry,0.7795
,angry,angry,0.4966
,angry,fear,0.3498
,angry,surprise,0.3539
,angry,angry,0.7583
,angry,surprise,0.3141
,angry,angry,0.4065
,angry,disgust,0.5446
,angry,angry,0.7211
,angry,sad,0.3942
,angry,angry,0.4488
,angry,angry,0.6678
,angry,happy,0.7501
,angry,angry,0.5879
,angry,angry,0.3306
,angry,neutral,0.4057
,angry,angry,0.5074
,angry,neutral,0.4899
,angry,angry,0.3838
,angry,angry,0.4405
,angry,angry,0.5433
,angry,neutral,0.6344
,angry,sad,0.4152
,angry,surprise,0.445
,angry,happy,0.3372
,angry,angry,0.4375
,angry,surprise,0.5554
,angry,happy,0.2734
,angry,angry,0.4139
,angry,sad,0.4118
,angry,neutral,0.3781
,angry,angry,0.4454
,angry,fear,0.4258
,angry,happy,0.3328
,angry,angry,0.2931
,angry,disgust,0.4521
,angry,angry,0.6943
,angry,fear,0.408
,angry,angry,0.3217
,angry,angry,0.3995
,angry,angry,0.5861
,angry,sad,0.3882
,angry,neutral,0.4059
,angry,disgust,0.5353
,angry,disgust,0.3835
,angry,angry,0.625
,angry,angry,0.325
,angry,angry,0.4707
,angry,angry,0.2579
,angry,angry,0.631
,angry,angry,0.7717
,angry,neutral,0.421
,angry,angry,0.6167
,angry,fear,0.302
,angry,happy,0.4555
,angry,angry,0.5519
,angry,surprise,0.4378
,angry,happy,0.6882
,angry,neutral,0.4794
,angry,angry,0.4181
,angry,angry,0.3537
,angry,happy,0.6097
,angry,angry,0.3189
,angry,surprise,0.3989
,angry,surprise,0.3829
,angry,angry,0.5544
,angry,angry,0.3517
,angry,neutral,0.4604
,angry,angry,0.6408
,angry,angry,0.2839
,angry,angry,0.6478
,angry,surprise,0.468
,angry,sad,0.3759
,angry,neutral,0.2981
,angry,angry,0.3192
,angry,sad,0.3997
,angry,angry,0.4426
,angry,neutral,0.2747
,angry,sad,0.3383
,angry,angry,0.3492
,angry,angry,0.3029
,angry,surprise,0.4116
,angry,angry,0.6516
,angry,angry,0.6128
,angry,disgust,0.6532
,angry,angry,0.5534
,angry,angry,0.8002
,angry,neutral,0.4149
,angry,sad,0.4611
,angry,happy,0.5885
,angry,angry,0.5448
,angry,angry,0.4912
,angry,disgust,0.8466
,angry,neutral,0.594
,angry,neutral,0.4983
,angry,angry,0.5744
,angry,sad,0.2887
,angry,fear,0.5716
,angry,angry,0.3324
,angry,angry,0.4156
,angry,fear,0.4063
,angry,angry,0.3415
,angry,angry,0.4915
,angry,angry,0.274
,angry,angry,0.2457
,angry,angry,0.3194
,angry,angry,0.3753
,angry,neutral,0.3069
,angry,sad,0.3538
,angry,neutral,0.2617
,angry,happy,0.4984
,angry,sad,0.5091
,angry,angry,0.8918
,angry,disgust,0.3131
,angry,angry,0.3403
,angry,angry,0.3439
,angry,neutral,0.43
,angry,neutral,0.3956
,angry,angry,0.5979
,angry,angry,0.3047
,angry,angry,0.406
,angry,angry,0.3281
,angry,neutral,0.3614
,angry,sad,0.4095
,angry,angry,0.5864
,angry,sad,0.3445
,angry,angry,0.2274
,angry,angry,0.423
,angry,sad,0.3048
,angry,happy,0.5144
,angry,surprise,0.4231
,angry,angry,0.5074
,angry,surprise,0.4511
,angry,angry,0.6492
,angry,sad,0.4887
,angry,neutral,0.3373
,angry,angry,0.7819
,angry,happy,0.4418
,angry,neutral,0.4672
,angry,angry,0.2635
,angry,angry,0.3628
,angry,angry,0.3943
,angry,angry,0.7161
,angry,angry,0.4834
,angry,happy,0.4202
,angry,disgust,0.5235
,angry,angry,0.7285
,angry,sad,0.421
,angry,disgust,0.6085
,angry,angry,0.7031
,angry,neutral,0.3901
,angry,angry,0.3799
,angry,neutral,0.5003
,angry,fear,0.4524
,angry,angry,0.2654
,angry,happy,0.3605
,angry,disgust,0.5082
,angry,sad,0.5082
,angry,angry,0.2742
,angry,angry,0.3518
,angry,neutral,0.4467
,angry,happy,0.4375
,angry,neutral,0.2779
,angry,fear,0.4085
,angry,sad,0.4392
,angry,angry,0.3823
,angry,neutral,0.2954
,angry,fear,0.8786
,angry,fear,0.4565
,angry,angry,0.501
,angry,happy,0.2806
,angry,angry,0.3241
,angry,fear,0.3359
,angry,angry,0.403
,angry,fear,0.3574
,angry,disgust,0.6075
,angry,angry,0.6686
,angry,fear,0.2551
,angry,happy,0.4562
,angry,angry,0.6531
,angry,angry,0.5974
,angry,angry,0.6541
,angry,angry,0.6967
,angry,angry,0.4525
,angry,sad,0.337
,angry,disgust,0.3565
,angry,sad,0.268
,angry,neutral,0.5456
,angry,angry,0.2866
,angry,angry,0.4267
,angry,happy,0.6279
,angry,angry,0.314
,angry,sad,0.2315
,angry,disgust,0.758
,angry,fear,0.4998
,angry,angry,0.5158
,angry,neutral,0.2955
,angry,sad,0.3273
,angry,fear,0.5341
,angry,neutral,0.3227
,angry,fear,0.4291
,angry,neutral,0.7373
,angry,angry,0.8025
,angry,angry,0.3823
,angry,angry,0.4243
,angry,neutral,0.3739
,angry,angry,0.5419
,angry,neutral,0.4838
,angry,angry,0.4899
,angry,angry,0.3929
,angry,happy,0.2539
,angry,surprise,0.6401
,angry,sad,0.3057
,angry,angry,0.7576
,angry,neutral,0.3994
,angry,happy,0.4036
,angry,angry,0.5142
,angry,angry,0.3731
,angry,neutral,0.3339
,angry,happy,0.235
,angry,angry,0.2344
,angry,angry,0.8018
,angry,neutral,0.4611
,disgust,surprise,0.4526
,disgust,angry,0.3242
,disgust,fear,0.2458
,disgust,disgust,0.8323
,disgust,disgust,0.966
,disgust,disgust,0.8684
,disgust,disgust,0.8248
,disgust,disgust,0.4405
,disgust,disgust,0.7027
,disgust,disgust,0.8248
,disgust,disgust,0.8753
,disgust,neutral,0.383
,disgust,angry,0.459
,disgust,neutral,0.32
,disgust,angry,0.251
,disgust,disgust,0.6337
,disgust,disgust,0.7464
,disgust,disgust,0.9778
,disgust,disgust,0.9734
,disgust,angry,0.3388
,disgust,disgust,0.4076
,disgust,disgust,0.9991
,disgust,disgust,0.6689
,disgust,disgust,0.3215
,disgust,happy,0.4437
,disgust,angry,0.4748
,disgust,angry,0.3383
,disgust,disgust,0.7416
,disgust,angry,0.4001
,disgust,disgust,0.8346
,disgust,disgust,0.4771
,disgust,angry,0.32
,disgust,disgust,0.7923
,disgust,disgust,0.3866
,disgust,disgust,0.7985
,disgust,disgust,0.7439
,disgust,disgust,0.7991
,disgust,disgust,0.7689
,disgust,disgust,0.6498
,disgust,neutral,0.4032
,disgust,happy,0.6746
,disgust,disgust,0.5853
,disgust,disgust,0.3568
,disgust,surprise,0.5609
,disgust,fear,0.2669
,disgust,disgust,0.9686
,disgust,disgust,0.4171
,disgust,angry,0.495
,disgust,angry,0.4611
,disgust,disgust,0.4693
,disgust,angry,0.4863
,disgust,disgust,0.6494
,disgust,angry,0.5298
,disgust,disgust,0.7044
,disgust,disgust,0.8021
,disgust,disgust,0.6498
,disgust,disgust,0.6378
,disgust,disgust,0.4693
,disgust,disgust,0.6335
,disgust,disgust,0.8317
,disgust,disgust,0.8798
,disgust,disgust,0.4115
,disgust,disgust,0.435
,disgust,disgust,0.2368
,disgust,disgust,0.8971
,disgust,sad,0.3629
,disgust,disgust,0.4358
,disgust,fear,0.3101
,disgust,fear,0.3434
,disgust,disgust,0.9505
,disgust,surprise,0.2479
,disgust,disgust,0.4148
,disgust,disgust,0.939
,disgust,disgust,0.9176
,disgust,angry,0.2466
,disgust,disgust,0.939
,disgust,disgust,0.3013
,disgust,angry,0.5068
,disgust,angry,0.5148
,disgust,sad,0.2715
,disgust,disgust,0.4984
,disgust,disgust,0.6097
,disgust,disgust,0.9036
,disgust,happy,0.6489
,disgust,sad,0.3118
,disgust,angry,0.5852
,disgust,disgust,0.4733
,disgust,angry,0.2959
,disgust,disgust,0.4115
,disgust,happy,0.6209
,disgust,sad,0.4627
,disgust,disgust,0.3272
,disgust,disgust,0.9843
,disgust,disgust,0.9261
,disgust,disgust,0.9654
,disgust,disgust,0.5291
,disgust,angry,0.3428
,disgust,disgust,0.7169
,disgust,disgust,0.9971
,disgust,sad,0.2408
,disgust,disgust,0.7832
,disgust,disgust,0.8509
,disgust,disgust,0.6971
,disgust,disgust,0.9698
,disgust,disgust,0.6597
,disgust,angry,0.235
,disgust,surprise,0.2949
,disgust,angry,0.3839
,disgust,neutral,0.4678
,disgust,disgust,0.449
,disgust,disgust,0.7528
,fear,happy,0.3283
,fear,sad,0.3998
,fear,surprise,0.4611
,fear,happy,0.3303
,fear,fear,0.4608
,fear,fear,0.6451
,fear,fear,0.2952
,fear,sad,0.2094
,fear,angry,0.279
,fear,fear,0.467
,fear,sad,0.2518
,fear,fear,0.8374
,fear,sad,0.3461
,fear,angry,0.38
,fear,neutral,0.6703
,fear,surprise,0.4621
,fear,fear,0.4484
,fear,neutral,0.4598
,fear,neutral,0.3556
,fear,angry,0.6663
,fear,fear,0.5469
,fear,fear,0.2554
,fear,neutral,0.4286
,fear,sad,0.32
,fear,fear,0.4149
,fear,surprise,0.4672
,fear,sad,0.3926
,fear,neutral,0.417
,fear,surprise,0.776
,fear,sad,0.4316
,fear,sad,0.3757
,fear,sad,0.3176
,fear,neutral,0.2829
,fear,sad,0.3964
,fear,surprise,0.3339
,fear,sad,0.3389
,fear,fear,0.4299
,fear,neutral,0.3187
,fear,sad,0.4921
,fear,angry,0.5192
,fear,fear,0.942
,fear,fear,0.6377
,fear,fear,0.5883
,fear,angry,0.2509
,fear,sad,0.4935
,fear,neutral,0.5803
,fear,surprise,0.5926
,fear,sad,0.2816
,fear,fear,0.5289
,fear,angry,0.6478
,fear,angry,0.4356
,fear,fear,0.4321
,fear,fear,0.4134
,fear,angry,0.4824
,fear,sad,0.5698
,fear,neutral,0.3956
,fear,fear,0.3573
,fear,sad,0.4058
,fear,fear,0.4193
,fear,surprise,0.5697
,fear,fear,0.376
,fear,surprise,0.7676
,fear,surprise,0.8928
,fear,surprise,0.8014
,fear,disgust,0.7529
,fear,angry,0.2849
,fear,fear,0.5994
,fear,fear,0.4929
,fear,neutral,0.2883
,fear,fear,0.6681
,fear,happy,0.3435
,fear,fear,0.524
,fear,angry,0.2368
,fear,fear,0.3107
,fear,neutral,0.4273
,fear,angry,0.2966
,fear,angry,0.2168
,fear,sad,0.4099
,fear,fear,0.4342
,fear,angry,0.334
,fear,surprise,0.561
,fear,happy,0.2093
,fear,happy,0.3066
,fear,happy,0.3265
,fear,surprise,0.2914
,fear,fear,0.5017
,fear,disgust,0.5522
,fear,angry,0.3929
,fear,disgust,0.2817
,fear,fear,0.8546
,fear,angry,0.4953
,fear,neutral,0.5304
,fear,neutral,0.3975
,fear,fear,0.3958
,fear,surprise,0.5476
,fear,fear,0.6238
,fear,neutral,0.3097
,fear,neutral,0.1946
,fear,surprise,0.3772
,fear,surprise,0.4092
,fear,fear,0.6617
,fear,sad,0.6007
,fear,angry,0.264
,fear,sad,0.6113
,fear,neutral,0.371
,fear,surprise,0.6113
,fear,angry,0.3083
,fear,sad,0.3483
,fear,neutral,0.6329
,fear,angry,0.358
,fear,neutral,0.3563
,fear,fear,0.4342
,fear,neutral,0.3535
,fear,neutral,0.597
,fear,surprise,0.8061
,fear,surprise,0.6012
,fear,sad,0.3855
,fear,angry,0.3692
,fear,sad,0.2946
,fear,neutral,0.5993
,fear,neutral,0.4647
,fear,surprise,0.8708
,fear,fear,0.6266
,fear,neutral,0.7862
,fear,happy,0.3896
,fear,surprise,0.456
,fear,surprise,0.4833
,fear,disgust,0.3208
,fear,fear,0.5218
,fear,angry,0.401
,fear,surprise,0.4421
,fear,fear,0.322
,fear,disgust,0.5844
,fear,fear,0.3458
,fear,sad,0.4166
,fear,fear,0.6211
,fear,fear,0.8245
,fear,disgust,0.4504
,fear,sad,0.3749
,fear,fear,0.3824
,fear,fear,0.3337
,fear,fear,0.5016
,fear,sad,0.2851
,fear,neutral,0.3836
,fear,sad,0.3609
,fear,disgust,0.2809
,fear,happy,0.2748
,fear,fear,0.2706
,fear,happy,0.2398
,fear,fear,0.3553
,fear,angry,0.4618
,fear,sad,0.4492
,fear,neutral,0.574
,fear,fear,0.2536
,fear,fear,0.3058
,fear,angry,0.488
,fear,fear,0.6195
,fear,fear,0.9457
,fear,sad,0.5204
,fear,neutral,0.3123
,fear,angry,0.4769
,fear,surprise,0.5977
,fear,disgust,0.4936
,fear,sad,0.6321
,fear,sad,0.4451
,fear,surprise,0.5742
,fear,happy,0.3926
,fear,fear,0.7607
,fear,neutral,0.4229
,fear,surprise,0.2963
,fear,neutral,0.3894
,fear,angry,0.4223
,fear,happy,0.2328
,fear,happy,0.3236
,fear,angry,0.5343
,fear,neutral,0.4215
,fear,fear,0.3344
,fear,fear,0.4412
,fear,fear,0.4742
,fear,fear,0.4871
,fear,fear,0.5201
,fear,neutral,0.3964
,fear,surprise,0.5792
,fear,fear,0.4899
,fear,angry,0.4439
,fear,sad,0.3848
,fear,angry,0.2862
,fear,fear,0.9959
,fear,fear,0.7709
,fear,disgust,0.439
,fear,disgust,0.2989
,fear,neutral,0.5461
,fear,surprise,0.4577
,fear,angry,0.4291
,fear,fear,0.4803
,fear,happy,0.501
,fear,fear,0.3815
,fear,fear,0.2985
,fear,surprise,0.3211
,fear,fear,0.4949
,fear,sad,0.3553
,fear,neutral,0.3849
,fear,angry,0.4975
,fear,fear,0.7616
,fear,happy,0.2791
,fear,angry,0.7418
,fear,disgust,0.3458
,fear,fear,0.4044
,fear,angry,0.4981
,fear,fear,0.676
,fear,neutral,0.3332
,fear,disgust,0.4851
,fear,surprise,0.9725
,fear,angry,0.3537
,fear,fear,0.3833
,fear,fear,0.4228
,fear,neutral,0.3513
,fear,happy,0.4081
,fear,happy,0.3435
,fear,disgust,0.3543
,fear,neutral,0.3577
,fear,fear,0.3057
,fear,neutral,0.3023
,fear,sad,0.3956
,fear,angry,0.6212
,fear,fear,0.4868
,fear,sad,0.3374
,fear,fear,0.2568
,fear,neutral,0.3602
,fear,angry,0.4075
,fear,disgust,0.3816
,fear,sad,0.3699
,fear,sad,0.4345
,fear,surprise,0.7668
,fear,angry,0.2667
,fear,sad,0.7239
,fear,fear,0.3079
,fear,fear,0.5239
,fear,fear,0.276
,fear,surprise,0.3709
,fear,neutral,0.3024
,fear,disgust,0.4848
,fear,surprise,0.549
,fear,fear,0.4032
,fear,sad,0.3976
,fear,sad,0.6046
,fear,surprise,0.7661
,fear,neutral,0.3334
,fear,sad,0.3497
,fear,neutral,0.3468
,fear,fear,0.348
,fear,fear,0.3866
,fear,surprise,0.324
,fear,angry,0.3093
,fear,angry,0.4247
,fear,surprise,0.4232
,fear,surprise,0.5748
,fear,fear,0.3931
,fear,surprise,0.3442
,fear,fear,0.2766
,fear,neutral,0.2678
,fear,happy,0.3578
,fear,surprise,0.4587
,fear,neutral,0.3341
,fear,sad,0.3196
,fear,surprise,0.3344
,fear,neutral,0.3578
,fear,sad,0.3985
,fear,fear,0.3119
,fear,sad,0.4855
,fear,angry,0.6629
,fear,sad,0.3956
,fear,neutral,0.4022
,fear,surprise,0.8081
,fear,fear,0.6255
,fear,fear,0.507
,fear,sad,0.4206
,fear,angry,0.5713
,fear,neutral,0.2409
,fear,surprise,0.2995
,fear,fear,0.4295
,fear,happy,0.1979
,fear,fear,0.4335
,fear,happy,0.7548
,fear,happy,0.3499
,fear,sad,0.2804
,fear,fear,0.9216
,fear,fear,0.4935
,fear,surprise,0.3904
,fear,neutral,0.2711
,fear,fear,0.5369
,fear,disgust,0.2925
,fear,fear,0.6787
,fear,fear,0.6938
,fear,surprise,0.7461
,fear,fear,0.5904
,fear,neutral,0.3181
,fear,disgust,0.2715
,fear,neutral,0.432
,fear,sad,0.4773
,fear,fear,0.5528
,fear,angry,0.5477
,fear,sad,0.3732
,fear,fear,0.6118
,fear,neutral,0.366
,fear,fear,0.3757
,fear,neutral,0.3859
,fear,surprise,0.413
,fear,sad,0.5874
,fear,neutral,0.4593
,fear,neutral,0.2996
,fear,surprise,0.5891
,fear,angry,0.3261
,fear,angry,0.3825
,fear,neutral,0.8914
,fear,surprise,0.5579
,fear,angry,0.3662
,fear,fear,0.3905
,fear,neutral,0.5301
,fear,neutral,0.3489
,fear,sad,0.3021
,fear,angry,0.7484
,fear,sad,0.5719
,fear,sad,0.6713
,fear,fear,0.6371
,fear,fear,0.4482
,fear,sad,0.3278
,fear,fear,0.5241
,fear,happy,0.2494
,fear,neutral,0.3662
,fear,fear,0.8173
,fear,angry,0.3658
,fear,surprise,0.6288
,fear,fear,0.8519
,fear,fear,0.4276
,fear,fear,0.9929
,fear,surprise,0.7658
,fear,angry,0.2946
,fear,disgust,0.3015
,fear,fear,0.5232
,fear,neutral,0.4615
,fear,surprise,0.4448
,fear,disgust,0.8614
,fear,disgust,0.5027
,fear,surprise,0.397
,fear,fear,0.4375
,fear,fear,0.6578
,fear,fear,0.571
,fear,sad,0.4301
,fear,disgust,0.1936
,fear,neutral,0.3278
,fear,angry,0.2483
,fear,surprise,0.2839
,fear,angry,0.5555
,fear,sad,0.4039
,fear,surprise,0.5033
,fear,surprise,0.6466
,fear,surprise,0.8001
,fear,fear,0.3635
,fear,neutral,0.2333
,fear,neutral,0.3653
,fear,angry,0.2835
,fear,fear,0.3282
,fear,sad,0.3493
,fear,fear,0.5448
,fear,fear,0.382
,fear,angry,0.3172
,fear,surprise,0.3361
,fear,fear,0.3393
,fear,fear,0.2457
,fear,sad,0.3124
,fear,neutral,0.3875
,fear,angry,0.4776
,fear,surprise,0.6582
,fear,angry,0.3041
,fear,fear,0.4882
,fear,surprise,0.5351
,fear,neutral,0.3385
,fear,fear,0.2843
,fear,disgust,0.4457
,fear,surprise,0.6584
,fear,fear,0.3514
,fear,happy,0.2535
,fear,angry,0.2214
,fear,disgust,0.704
,fear,fear,0.3672
,fear,sad,0.3546
,fear,neutral,0.4091
,fear,fear,0.8055
,fear,fear,0.4058
,fear,fear,0.9807
,fear,disgust,0.2796
,fear,sad,0.3018
,fear,fear,0.9928
,fear,angry,0.2874
,fear,fear,0.5156
,fear,neutral,0.3564
,fear,neutral,0.2869
,fear,angry,0.324
,fear,fear,0.4553
,fear,fear,0.4306
,fear,angry,0.6745
,fear,sad,0.4771
,fear,angry,0.2563
,fear,fear,0.2438
,fear,fear,0.2668
,fear,fear,0.6585
,fear,fear,0.7014
,fear,fear,0.5284
,fear,surprise,0.6118
,fear,fear,0.3729
,fear,angry,0.2076
,fear,sad,0.4186
,fear,fear,0.4857
,fear,neutral,0.343
,fear,fear,0.6185
,fear,fear,0.2513
,fear,surprise,0.6497
,fear,angry,0.4905
,fear,angry,0.7319
,fear,sad,0.2635
,fear,happy,0.3297
,fear,neutral,0.3202
,fear,neutral,0.5798
,fear,fear,0.4532
,fear,surprise,0.644
,fear,sad,0.27
,fear,sad,0.4577
,fear,fear,0.3893
,fear,fear,0.4101
,fear,surprise,0.2756
,fear,neutral,0.4616
,fear,sad,0.4593
,fear,fear,0.5415
,fear,neutral,0.4176
,fear,fear,0.9241
,fear,surprise,0.44
,fear,sad,0.2196
,fear,fear,0.419
,fear,sad,0.3585
,fear,happy,0.5515
,fear,surprise,0.442
,fear,surprise,0.7811
,fear,neutral,0.3991
,fear,neutral,0.2267
,fear,neutral,0.417
,fear,fear,0.4451
,fear,fear,0.5042
,fear,angry,0.43
,fear,neutral,0.4062
,fear,surprise,0.3184
,fear,surprise,0.9202
,fear,sad,0.2626
,fear,neutral,0.3084
,fear,fear,0.5575
,fear,fear,0.2823
,fear,sad,0.3082
,fear,surprise,0.8036
,fear,fear,0.9525
,fear,neutral,0.3463
,fear,sad,0.3802
,fear,fear,0.7878
,fear,angry,0.4342
,fear,neutral,0.3246
,fear,angry,0.7594
,fear,fear,0.3836
,fear,fear,0.419
,fear,fear,0.4596
,fear,fear,0.593
,fear,angry,0.6579
,fear,fear,0.3921
,fear,neutral,0.2451
,fear,angry,0.5929
,fear,sad,0.4445
,fear,fear,0.5063
,fear,surprise,0.2686
,fear,neutral,0.5946
,fear,sad,0.3621
,fear,surprise,0.4496
,fear,angry,0.3764
,fear,fear,0.4665
,fear,angry,0.3167
,fear,fear,0.2645
,fear,fear,0.3305
,fear,fear,0.3456
,fear,angry,0.3625
,fear,happy,0.323
,fear,surprise,0.8982
,fear,fear,0.4907
,fear,angry,0.3911
,fear,surprise,0.9679
,fear,sad,0.3443
,fear,sad,0.4918
,fear,neutral,0.5148
,fear,angry,0.609
,fear,happy,0.3436
,fear,fear,0.8593
,fear,angry,0.2471
,fear,fear,0.3963
,fear,fear,0.4656
,fear,neutral,0.3977
,fear,neutral,0.2962
,fear,sad,0.1992
,fear,fear,0.3668
,fear,disgust,0.3663
,fear,angry,0.2479
,fear,disgust,0.4687
,fear,sad,0.303
,fear,neutral,0.6424
,fear,neutral,0.2302
,fear,neutral,0.4465
,fear,fear,0.5559
,fear,fear,0.4527
,fear,fear,0.7539
,fear,neutral,0.5893
,fear,fear,0.6452
,fear,fear,0.2679
,fear,angry,0.4262
,fear,neutral,0.3001
,fear,happy,0.3319
,fear,sad,0.4853
,fear,disgust,0.3552
,fear,fear,0.3506
,fear,fear,0.3662
,fear,fear,0.3476
,fear,angry,0.3682
,fear,surprise,0.841
,fear,fear,0.2831
,fear,neutral,0.4846
,fear,neutral,0.4513
,fear,angry,0.3695
,fear,surprise,0.5711
,fear,fear,0.3895
,fear,neutral,0.5832
,fear,angry,0.3194
,fear,sad,0.3448
,fear,fear,0.4256
,fear,happy,0.4606
,fear,angry,0.2466
,fear,fear,0.5118
,fear,surprise,0.7831
,fear,disgust,0.5028
,fear,angry,0.5057
,fear,sad,0.516
,fear,neutral,0.736
,fear,fear,0.3433
,fear,disgust,0.4307
,fear,fear,0.4112
,fear,disgust,0.3713
,fear,surprise,0.6623
,fear,surprise,0.451
,fear,fear,0.7793
,fear,happy,0.2772
,fear,angry,0.3758
,fear,angry,0.5931
,fear,sad,0.4036
,fear,surprise,0.328
,fear,sad,0.3047
,fear,fear,0.9046
,fear,fear,0.3622
,fear,fear,0.2447
,fear,neutral,0.5344
,fear,sad,0.476
,fear,sad,0.5837
,fear,neutral,0.2587
,fear,neutral,0.3248
,fear,sad,0.446
,fear,neutral,0.3904
,fear,surprise,0.281
,fear,neutral,0.2535
,fear,neutral,0.3749
,fear,fear,0.9756
,fear,fear,0.3776
,fear,fear,0.2712
,fear,neutral,0.5576
,fear,happy,0.3711
,fear,angry,0.3472
,fear,surprise,0.2556
,fear,surprise,0.7354
,fear,surprise,0.9372
,fear,fear,0.8578
,fear,neutral,0.2844
,fear,happy,0.5219
,fear,fear,0.3112
,fear,neutral,0.3905
,fear,angry,0.284
,fear,fear,0.4445
,fear,angry,0.6996
,fear,sad,0.3172
,fear,neutral,0.7673
,fear,surprise,0.5632
,fear,angry,0.463
,fear,angry,0.2266
,fear,fear,0.6816
,fear,fear,0.2
,fear,surprise,0.7628
,fear,happy,0.5419
,fear,sad,0.539
,fear,angry,0.8065
,fear,sad,0.2662
,fear,fear,0.4326
,fear,fear,0.7566
,fear,fear,0.6585
,fear,angry,0.6999
,fear,fear,0.3564
,fear,angry,0.6509
,fear,sad,0.3869
,fear,fear,0.3275
,fear,sad,0.4358
,fear,sad,0.3006
,fear,fear,0.5969
,fear,angry,0.5143
,fear,happy,0.4606
,fear,happy,0.6478
,fear,sad,0.4817
,fear,sad,0.412
,fear,neutral,0.3229
,fear,sad,0.328
,fear,fear,0.6468
,fear,neutral,0.4129
,fear,angry,0.3465
,fear,sad,0.3791
,fear,angry,0.4689
,fear,angry,0.3352
,fear,fear,0.4151
,fear,angry,0.6011
,fear,angry,0.3608
,fear,neutral,0.4054
,fear,surprise,0.6561
,fear,sad,0.3213
,fear,fear,0.3597
,fear,disgust,0.244
,fear,fear,0.4176
,fear,surprise,0.6732
,fear,angry,0.4127
,fear,fear,0.295
,fear,fear,0.469
,fear,neutral,0.3806
,fear,surprise,0.3039
,fear,neutral,0.4968
,fear,fear,0.4983
,fear,sad,0.3068
,fear,neutral,0.8208
,fear,neutral,0.2318
,fear,sad,0.2526
,fear,sad,0.3903
,fear,angry,0.3305
,fear,fear,0.6171
,fear,neutral,0.3812
,fear,surprise,0.7119
,fear,angry,0.3236
,fear,neutral,0.2386
,fear,fear,0.8031
,fear,surprise,0.4392
,fear,sad,0.2628
,fear,surprise,0.5223
,fear,angry,0.39
,fear,fear,0.4445
,fear,fear,0.2786
,fear,neutral,0.2984
,fear,surprise,0.78
,fear,happy,0.3056
,fear,sad,0.4784
,fear,angry,0.7316
,fear,surprise,0.3514
,fear,neutral,0.347
,fear,neutral,0.3848
,fear,sad,0.3817
,fear,surprise,0.4107
,fear,happy,0.7954
,fear,surprise,0.376
,fear,disgust,0.3784
,fear,fear,0.3907
,fear,angry,0.2234
,fear,angry,0.2908
,fear,surprise,0.7196
,fear,fear,0.4135
,fear,angry,0.2546
,fear,sad,0.3333
,fear,fear,0.5164
,fear,angry,0.4365
,fear,surprise,0.4031
,fear,neutral,0.3979
,fear,surprise,0.9924
,fear,sad,0.3136
,fear,sad,0.3443
,fear,surprise,0.7189
,fear,sad,0.3875
,fear,surprise,0.6522
,fear,neutral,0.454
,fear,sad,0.354
,fear,sad,0.349
,fear,surprise,0.4935
,fear,fear,0.7293
,fear,neutral,0.4219
,fear,happy,0.5577
,fear,sad,0.1895
,fear,surprise,0.8427
,fear,sad,0.2475
,fear,sad,0.3114
,fear,surprise,0.5386
,fear,sad,0.6444
,fear,disgust,0.5824
,fear,angry,0.3626
,fear,surprise,0.6637
,fear,sad,0.364
,fear,sad,0.366
,fear,neutral,0.4038
,fear,fear,0.8866
,fear,sad,0.3339
,fear,fear,0.4021
,fear,angry,0.2792
,fear,fear,0.5656
,fear,neutral,0.2918
,fear,fear,0.5476
,fear,disgust,0.4021
,fear,happy,0.2061
,fear,neutral,0.4028
,fear,sad,0.3508
,fear,surprise,0.6074
,fear,sad,0.3478
,fear,sad,0.3858
,fear,angry,0.6288
,fear,disgust,0.2663
,fear,surprise,0.5493
,fear,sad,0.4243
,fear,fear,0.4081
,fear,angry,0.5344
,fear,happy,0.2749
,fear,fear,0.46
,fear,fear,0.4331
,fear,sad,0.5766
,fear,angry,0.397
,fear,surprise,0.4833
,fear,fear,0.8151
,fear,sad,0.3343
,fear,neutral,0.3789
,fear,angry,0.5637
,fear,fear,0.2461
,fear,fear,0.4306
,fear,happy,0.5921
,fear,sad,0.4316
,fear,angry,0.321
,fear,fear,0.2739
,fear,surprise,0.3356
,fear,angry,0.3643
,fear,neutral,0.2478
,fear,angry,0.3608
,fear,fear,0.2267
,fear,surprise,0.8743
,fear,sad,0.6588
,fear,neutral,0.3158
,fear,surprise,0.6186
,fear,neutral,0.3317
,fear,sad,0.543
,fear,angry,0.3721
,fear,fear,0.46
,fear,surprise,0.3345
,fear,neutral,0.3036
,fear,fear,0.8359
,fear,neutral,0.5995
,fear,fear,0.5787
,fear,neutral,0.4014
,fear,angry,0.4282
,fear,sad,0.4105
,fear,angry,0.771
,fear,fear,0.392
,fear,angry,0.3512
,fear,surprise,0.9505
,fear,disgust,0.5252
,fear,surprise,0.3697
,fear,fear,0.7878
,fear,angry,0.4382
,fear,neutral,0.4502
,fear,neutral,0.7305
,fear,fear,0.716
,fear,angry,0.6133
,fear,fear,0.4401
,fear,fear,0.4443
,fear,happy,0.5369
,fear,disgust,0.2842
,fear,disgust,0.4369
,fear,neutral,0.3689
,fear,fear,0.4992
,fear,fear,0.556
,fear,sad,0.3568
,fear,neutral,0.3685
,fear,sad,0.3356
,fear,happy,0.2254
,fear,neutral,0.4645
,fear,happy,0.4955
,fear,neutral,0.7391
,fear,neutral,0.3406
,fear,surprise,0.41
,fear,fear,0.3718
,fear,sad,0.5523
,fear,sad,0.4235
,fear,surprise,0.4563
,fear,neutral,0.3066
,fear,angry,0.6218
,fear,sad,0.288
,fear,neutral,0.4069
,fear,happy,0.2928
,fear,fear,0.6904
,fear,fear,0.9233
,fear,fear,0.5073
,fear,angry,0.4007
,fear,fear,0.8303
,fear,neutral,0.3615
,fear,surprise,0.8579
,fear,sad,0.3705
,fear,neutral,0.4096
,fear,neutral,0.597
,fear,neutral,0.3182
,fear,sad,0.2854
,fear,surprise,0.4085
,fear,neutral,0.3356
,fear,angry,0.5255
,fear,surprise,0.5581
,fear,fear,0.389
,fear,fear,0.4744
,fear,fear,0.4585
,fear,fear,0.4927
,fear,neutral,0.2982
,fear,fear,0.333
,fear,neutral,0.3452
,fear,sad,0.4076
,fear,sad,0.4672
,fear,fear,0.5186
,fear,neutral,0.3346
,fear,fear,0.4924
,fear,neutral,0.318
,fear,surprise,0.6226
,fear,fear,0.4385
,fear,fear,0.6292
,fear,fear,0.3415
,fear,disgust,0.3666
,fear,neutral,0.419
,fear,fear,0.5174
,fear,angry,0.576
,fear,sad,0.5004
,fear,angry,0.391
,fear,fear,0.3814
,fear,angry,0.3896
,fear,surprise,0.5817
,fear,fear,0.3089
,fear,happy,0.5863
,fear,angry,0.2996
,fear,neutral,0.2595
,fear,surprise,0.5219
,fear,sad,0.3696
,fear,surprise,0.5411
,fear,surprise,0.8617
,fear,sad,0.3779
,fear,fear,0.2209
,fear,angry,0.367
,fear,sad,0.2422
,fear,fear,0.4533
,fear,fear,0.4873
,fear,sad,0.3427
,fear,neutral,0.4159
,fear,neutral,0.4094
,fear,fear,0.3373
,fear,sad,0.3919
,fear,sad,0.3582
,fear,fear,0.3344
,fear,sad,0.5956
,fear,fear,0.2947
,fear,sad,0.291
,fear,fear,0.3393
,fear,fear,0.3858
,fear,surprise,0.2571
,fear,neutral,0.4693
,fear,fear,0.4517
,fear,neutral,0.4186
,fear,sad,0.317
,fear,sad,0.3902
,fear,surprise,0.5393
,fear,happy,0.4084
,fear,sad,0.3366
,fear,surprise,0.6531
,fear,fear,0.2783
,fear,neutral,0.4386
,fear,surprise,0.4274
,fear,angry,0.3795
,fear,fear,0.3359
,fear,sad,0.37
,fear,neutral,0.4147
,fear,fear,0.4728
,fear,disgust,0.454
,fear,sad,0.2871
,fear,surprise,0.5539
,fear,surprise,0.2936
,fear,neutral,0.3545
,fear,sad,0.3555
,fear,neutral,0.2411
,fear,surprise,0.4106
,fear,happy,0.5108
,fear,fear,0.4108
,fear,surprise,0.8129
,fear,surprise,0.4648
,fear,angry,0.3384
,fear,angry,0.2846
,fear,neutral,0.4098
,fear,neutral,0.6971
,fear,fear,0.4175
,fear,angry,0.2131
,fear,angry,0.3581
,fear,neutral,0.3735
,fear,fear,0.3359
,fear,surprise,0.542
,fear,neutral,0.3552
,fear,fear,0.3763
,fear,neutral,0.2439
,fear,fear,0.3302
,fear,neutral,0.2976
,fear,fear,0.6176
,fear,neutral,0.2744
,fear,fear,0.7712
,fear,fear,0.5144
,fear,neutral,0.3708
,fear,surprise,0.2888
,fear,surprise,0.3096
,fear,fear,0.9901
,fear,neutral,0.4333
,fear,sad,0.4013
,fear,surprise,0.5312
,fear,neutral,0.3766
,fear,neutral,0.5357
,fear,fear,0.5426
,fear,angry,0.6496
,fear,angry,0.7762
,fear,angry,0.4369
,fear,angry,0.3009
,fear,fear,0.4291
,fear,fear,0.3448
,fear,surprise,0.6383
,fear,fear,0.4309
,fear,fear,0.3112
,fear,neutral,0.2585
,fear,fear,0.4087
,fear,angry,0.3608
,fear,sad,0.316
,fear,fear,0.5096
,fear,sad,0.4964
,fear,surprise,0.7514
,fear,neutral,0.3571
,fear,sad,0.4118
,fear,fear,0.5121
,fear,fear,0.446
,fear,surprise,0.3188
,fear,surprise,0.344
,fear,neutral,0.3641
,fear,fear,0.8781
,fear,fear,0.3087
,fear,fear,0.4619
,fear,surprise,0.3937
,fear,surprise,0.8037
,fear,surprise,0.4051
,fear,fear,0.4424
,fear,sad,0.6753
,fear,sad,0.2975
,fear,happy,0.3024
,fear,fear,0.7253
,fear,sad,0.4841
,fear,angry,0.3242
,fear,surprise,0.6668
,fear,fear,0.3184
,fear,neutral,0.2594
,fear,fear,0.3045
,fear,fear,0.4968
,fear,fear,0.3577
,fear,disgust,0.4066
,fear,angry,0.3027
,fear,fear,0.4662
,fear,angry,0.5355
,fear,sad,0.5868
,fear,surprise,0.3255
,fear,sad,0.3037
,fear,neutral,0.4139
,fear,sad,0.291
,fear,fear,0.4865
,fear,fear,0.9908
,fear,sad,0.2264
,fear,fear,0.3788
,fear,neutral,0.4187
,fear,fear,0.4567
,fear,fear,0.9901
,fear,fear,0.4106
,fear,happy,0.4337
,fear,sad,0.2744
,fear,surprise,0.3351
,fear,neutral,0.403
,fear,surprise,0.6973
,fear,surprise,0.8199
,fear,fear,0.9927
,fear,happy,0.6651
,fear,fear,0.3774
,fear,angry,0.2695
,fear,fear,0.3858
,fear,surprise,0.3005
,fear,fear,0.663
,fear,angry,0.3009
,fear,disgust,0.2717
,fear,angry,0.4688
,fear,happy,0.2653
,fear,sad,0.3586
,fear,fear,0.5811
,fear,disgust,0.34
,fear,sad,0.3794
,fear,angry,0.2742
,fear,fear,0.5486
,fear,neutral,0.3616
,fear,fear,0.6194
,fear,sad,0.3851
,fear,fear,0.3673
,fear,surprise,0.6128
,fear,angry,0.3277
,fear,fear,0.3461
,fear,sad,0.3182
,fear,surprise,0.3504
,fear,surprise,0.3376
,fear,disgust,0.2574
,fear,fear,0.5061
,happy,happy,0.4957
,happy,angry,0.3261
,happy,happy,0.4199
,happy,surprise,0.4392
,happy,happy,0.9416
,happy,happy,0.3474
,happy,fear,0.3578
,happy,disgust,0.3292
,happy,happy,0.6482
,happy,neutral,0.5596
,happy,happy,0.9319
,happy,angry,0.3178
,happy,happy,0.6221
,happy,happy,0.4613
,happy,happy,0.503
,happy,happy,0.8747
,happy,happy,0.6517
,happy,angry,0.4143
,happy,sad,0.3271
,happy,happy,0.4471
,happy,happy,0.4307
,happy,disgust,0.3952
,happy,happy,0.4044
,happy,sad,0.4217
,happy,disgust,0.364
,happy,happy,0.695
,happy,angry,0.2262
,happy,happy,0.3397
,happy,angry,0.3544
,happy,happy,0.5023
,happy,happy,0.7473
,happy,angry,0.2368
,happy,happy,0.8633
,happy,happy,0.6529
,happy,happy,0.4984
,happy,happy,0.5586
,happy,happy,0.668
,happy,happy,0.7739
,happy,happy,0.3257
,happy,happy,0.3109
,happy,angry,0.3728
,happy,surprise,0.2923
,happy,happy,0.9398
,happy,happy,0.4988
,happy,happy,0.9382
,happy,neutral,0.3355
,happy,happy,0.57
,happy,fear,0.4127
,happy,happy,0.9463
,happy,happy,0.4258
,happy,happy,0.7828
,happy,angry,0.4026
,happy,happy,0.9797
,happy,neutral,0.3428
,happy,angry,0.3453
,happy,happy,0.5056
,happy,happy,0.9618
,happy,angry,0.2372
,happy,neutral,0.5344
,happy,happy,0.7202
,happy,happy,0.9788
,happy,fear,0.2743
,happy,happy,0.5796
,happy,happy,0.8077
,happy,happy,0.5082
,happy,happy,0.8995
,happy,happy,0.9681
,happy,happy,0.5739
,happy,happy,0.3574
,happy,happy,0.7073
,happy,happy,0.9121
,happy,neutral,0.5855
,happy,happy,0.4929
,happy,happy,0.5271
,happy,surprise,0.7267
,happy,happy,0.9433
,happy,disgust,0.4097
,happy,happy,0.5595
,happy,happy,0.4341
,happy,happy,0.7526
,happy,happy,0.9723
,happy,happy,0.8791
,happy,angry,0.3151
,happy,happy,0.7966
,happy,happy,0.9389
,happy,happy,0.5099
,happy,happy,0.5557
,happy,happy,0.6702
,happy,happy,0.3746
,happy,happy,0.671
,happy,happy,0.8814
,happy,happy,0.5368
,happy,happy,0.6563
,happy,happy,0.9348
,happy,happy,0.7565
,happy,neutral,0.2767
,happy,happy,0.9316
,happy,happy,0.9412
,happy,neutral,0.3406
,happy,fear,0.3465
,happy,happy,0.8322
,happy,happy,0.3074
,happy,happy,0.6434
,happy,happy,0.8532
,happy,happy,0.8561
,happy,happy,0.3568
,happy,neutral,0.3581
,happy,happy,0.9704
,happy,happy,0.5522
,happy,angry,0.3726
,happy,sad,0.4043
,happy,happy,0.6754
,happy,happy,0.8254
,happy,happy,0.3373
,happy,happy,0.6915
,happy,neutral,0.4386
,happy,neutral,0.2732
,happy,happy,0.5442
,happy,happy,0.6727
,happy,happy,0.5849
,happy,angry,0.2896
,happy,sad,0.4101
,happy,happy,0.5811
,happy,happy,0.7513
,happy,happy,0.5025
,happy,happy,0.7452
,happy,happy,0.9544
,happy,sad,0.4141
,happy,happy,0.9156
,happy,happy,0.9606
,happy,happy,0.4126
,happy,fear,0.3589
,happy,angry,0.4773
,happy,happy,0.5193
,happy,happy,0.3875
,happy,happy,0.5879
,happy,happy,0.4231
,happy,angry,0.2559
,happy,neutral,0.3587
,happy,happy,0.5484
,happy,happy,0.5919
,happy,happy,0.3295
,happy,angry,0.5634
,happy,happy,0.6772
,happy,neutral,0.4866
,happy,happy,0.3363
,happy,happy,0.7439
,happy,surprise,0.2674
,happy,happy,0.386
,happy,happy,0.4112
,happy,happy,0.3937
,happy,happy,0.8031
,happy,angry,0.6855
,happy,happy,0.3555
,happy,happy,0.6056
,happy,surprise,0.4987
,happy,happy,0.9403
,happy,sad,0.2321
,happy,happy,0.9082
,happy,happy,0.7721
,happy,fear,0.259
,happy,surprise,0.3245
,happy,happy,0.7128
,happy,happy,0.8748
,happy,happy,0.9209
,happy,happy,0.3905
,happy,happy,0.6788
,happy,happy,0.3563
,happy,sad,0.5408
,happy,happy,0.7184
,happy,angry,0.262
,happy,sad,0.2693
,happy,happy,0.8047
,happy,happy,0.8905
,happy,disgust,0.4938
,happy,happy,0.5814
,happy,happy,0.6131
,happy,fear,0.2342
,happy,happy,0.9279
,happy,fear,0.5857
,happy,surprise,0.427
,happy,happy,0.5944
,happy,surprise,0.432
,happy,neutral,0.2953
,happy,surprise,0.2701
,happy,neutral,0.29
,happy,happy,0.6049
,happy,happy,0.618
,happy,happy,0.8697
,happy,happy,0.8785
,happy,happy,0.3982
,happy,sad,0.2842
,happy,happy,0.7427
,happy,fear,0.2975
,happy,angry,0.382
,happy,happy,0.3471
,happy,happy,0.6274
,happy,angry,0.4438
,happy,neutral,0.4737
,happy,happy,0.7822
,happy,happy,0.443
,happy,happy,0.2803
,happy,happy,0.9139
,happy,happy,0.5412
,happy,angry,0.3396
,happy,sad,0.6164
,happy,happy,0.5053
,happy,fear,0.4778
,happy,neutral,0.4978
,happy,happy,0.5119
,happy,happy,0.8597
,happy,angry,0.3707
,happy,neutral,0.4567
,happy,happy,0.3954
,happy,happy,0.7335
,happy,happy,0.7771
,happy,surprise,0.5458
,happy,happy,0.8003
,happy,happy,0.7209
,happy,disgust,0.7323
,happy,happy,0.7829
,happy,happy,0.9299
,happy,happy,0.5594
,happy,happy,0.534
,happy,angry,0.2479
,happy,happy,0.982
,happy,happy,0.6581
,happy,happy,0.8541
,happy,happy,0.8096
,happy,happy,0.353
,happy,neutral,0.42
,happy,happy,0.7163
,happy,neutral,0.2513
,happy,fear,0.3051
,happy,neutral,0.5213
,happy,happy,0.508
,happy,happy,0.6063
,happy,sad,0.3157
,happy,neutral,0.301
,happy,sad,0.2267
,happy,happy,0.2377
,happy,happy,0.624
,happy,happy,0.7721
,happy,neutral,0.5234
,happy,neutral,0.4535
,happy,happy,0.3515
,happy,happy,0.6422
,happy,surprise,0.5594
,happy,happy,0.9568
,happy,happy,0.4778
,happy,neutral,0.388
,happy,happy,0.5996
,happy,happy,0.5188
,happy,happy,0.6966
,happy,happy,0.9366
,happy,happy,0.5372
,happy,happy,0.6952
,happy,happy,0.579
,happy,disgust,0.7883
,happy,happy,0.8831
,happy,disgust,0.2283
,happy,happy,0.918
,happy,neutral,0.27
,happy,happy,0.7961
,happy,happy,0.5363
,happy,angry,0.4203
,happy,neutral,0.3379
,happy,neutral,0.5161
,happy,happy,0.731
,happy,happy,0.7854
,happy,surprise,0.5234
,happy,happy,0.8801
,happy,happy,0.8429
,happy,happy,0.6618
,happy,happy,0.3591
,happy,sad,0.3715
,happy,neutral,0.2282
,happy,happy,0.6492
,happy,happy,0.809
,happy,neutral,0.4727
,happy,happy,0.8184
,happy,happy,0.3984
,happy,happy,0.4242
,happy,happy,0.6367
,happy,neutral,0.6188
,happy,happy,0.5687
,happy,happy,0.4242
,happy,angry,0.4089
,happy,happy,0.7339
,happy,happy,0.9613
,happy,happy,0.7439
,happy,neutral,0.3287
,happy,disgust,0.5626
,happy,happy,0.8759
,happy,happy,0.5491
,happy,happy,0.8283
,happy,happy,0.6649
,happy,happy,0.4622
,happy,neutral,0.501
,happy,happy,0.3729
,happy,happy,0.6714
,happy,happy,0.868
,happy,neutral,0.2502
,happy,happy,0.7562
,happy,happy,0.6092
,happy,happy,0.3953
,happy,happy,0.88
,happy,happy,0.5818
,happy,fear,0.3508
,happy,neutral,0.312
,happy,happy,0.7575
,happy,happy,0.3626
,happy,happy,0.8449
,happy,happy,0.7806
,happy,happy,0.4971
,happy,happy,0.8842
,happy,happy,0.7177
,happy,sad,0.4385
,happy,disgust,0.3107
,happy,happy,0.3445
,happy,happy,0.3146
,happy,happy,0.5302
,happy,sad,0.2842
,happy,neutral,0.3985
,happy,happy,0.7875
,happy,happy,0.6274
,happy,happy,0.9904
,happy,happy,0.3381
,happy,happy,0.545
,happy,happy,0.6196
,happy,happy,0.7597
,happy,happy,0.9354
,happy,sad,0.3152
,happy,happy,0.7042
,happy,neutral,0.3724
,happy,happy,0.4467
,happy,happy,0.5473
,happy,happy,0.6461
,happy,happy,0.8681
,happy,happy,0.4184
,happy,happy,0.7821
,happy,sad,0.6136
,happy,happy,0.6559
,happy,happy,0.8626
,happy,angry,0.3541
,happy,neutral,0.3443
,happy,neutral,0.2794
,happy,happy,0.7036
,happy,neutral,0.3298
,happy,sad,0.3467
,happy,happy,0.6498
,happy,happy,0.6761
,happy,happy,0.5452
,happy,angry,0.4304
,happy,happy,0.5965
,happy,happy,0.9059
,happy,angry,0.257
,happy,happy,0.8981
,happy,happy,0.5281
,happy,happy,0.4879
,happy,happy,0.5669
,happy,happy,0.9634
,happy,happy,0.7176
,happy,happy,0.7406
,happy,happy,0.953
,happy,happy,0.8518
,happy,happy,0.7666
,happy,happy,0.9018
,happy,fear,0.231
,happy,happy,0.9349
,happy,angry,0.4829
,happy,happy,0.8687
,happy,happy,0.723
,happy,sad,0.2827
,happy,happy,0.6527
,happy,happy,0.4954
,happy,happy,0.2846
,happy,happy,0.4442
,happy,happy,0.5177
,happy,angry,0.4165
,happy,happy,0.8864
,happy,surprise,0.2376
,happy,happy,0.3388
,happy,happy,0.5621
,happy,happy,0.3221
,happy,happy,0.7302
,happy,happy,0.6041
,happy,happy,0.7073
,happy,happy,0.7795
,happy,happy,0.7386
,happy,happy,0.7549
,happy,happy,0.9562
,happy,angry,0.4833
,happy,happy,0.3027
,happy,happy,0.872
,happy,happy,0.6725
,happy,happy,0.9649
,happy,happy,0.5465
,happy,happy,0.5244
,happy,happy,0.365
,happy,happy,0.7543
,happy,happy,0.7252
,happy,happy,0.8903
,happy,happy,0.7793
,happy,happy,0.5195
,happy,happy,0.9111
,happy,happy,0.7611
,happy,angry,0.2457
,happy,happy,0.4567
,happy,sad,0.3249
,happy,neutral,0.3394
,happy,happy,0.9593
,happy,angry,0.2999
,happy,happy,0.9341
,happy,disgust,0.3122
,happy,happy,0.4042
,happy,happy,0.3131
,happy,happy,0.9233
,happy,angry,0.2927
,happy,sad,0.3148
,happy,disgust,0.4813
,happy,happy,0.4685
,happy,happy,0.7114
,happy,happy,0.9009
,happy,happy,0.8835
,happy,surprise,0.7137
,happy,neutral,0.3334
,happy,happy,0.5078
,happy,happy,0.459
,happy,surprise,0.5526
,happy,happy,0.4379
,happy,sad,0.3502
,happy,happy,0.6391
,happy,happy,0.3006
,happy,happy,0.5501
,happy,happy,0.7474
,happy,happy,0.7194
,happy,happy,0.3432
,happy,happy,0.652
,happy,sad,0.3812
,happy,happy,0.6601
,happy,happy,0.9702
,happy,happy,0.8596
,happy,neutral,0.5679
,happy,happy,0.5809
,happy,happy,0.9612
,happy,angry,0.2425
,happy,fear,0.2426
,happy,neutral,0.272
,happy,neutral,0.2961
,happy,happy,0.9106
,happy,happy,0.4382
,happy,happy,0.7392
,happy,happy,0.9097
,happy,sad,0.3836
,happy,happy,0.3796
,happy,angry,0.2782
,happy,happy,0.6406
,happy,happy,0.8223
,happy,happy,0.4979
,happy,happy,0.4388
,happy,happy,0.4484
,happy,happy,0.4636
,happy,fear,0.2758
,happy,sad,0.3025
,happy,sad,0.3023
,happy,happy,0.7619
,happy,neutral,0.353
,happy,angry,0.255
,happy,happy,0.6424
,happy,happy,0.5022
,happy,happy,0.6741
,happy,happy,0.2836
,happy,happy,0.8995
,happy,neutral,0.4145
,happy,angry,0.3636
,happy,neutral,0.352
,happy,neutral,0.4424
,happy,happy,0.3364
,happy,surprise,0.8977
,happy,happy,0.4819
,happy,happy,0.8723
,happy,surprise,0.6257
,happy,neutral,0.4587
,happy,happy,0.4613
,happy,happy,0.926
,happy,happy,0.2712
,happy,surprise,0.292
,happy,happy,0.8829
,happy,happy,0.3318
,happy,neutral,0.2858
,happy,happy,0.4616
,happy,happy,0.8402
,happy,happy,0.3861
,happy,sad,0.3706
,happy,happy,0.8084
,happy,happy,0.3993
,happy,happy,0.6699
,happy,surprise,0.3838
,happy,happy,0.962
,happy,happy,0.5315
,happy,angry,0.6753
,happy,happy,0.8546
,happy,happy,0.8606
,happy,happy,0.4337
,happy,happy,0.5215
,happy,happy,0.8053
,happy,happy,0.5944
,happy,happy,0.5044
,happy,fear,0.3081
,happy,neutral,0.6762
,happy,happy,0.6223
,happy,happy,0.6279
,happy,happy,0.8149
,happy,neutral,0.2384
,happy,happy,0.7621
,happy,happy,0.6149
,happy,happy,0.8252
,happy,happy,0.8146
,happy,neutral,0.5359
,happy,happy,0.6362
,happy,happy,0.5445
,happy,happy,0.2445
,happy,happy,0.8888
,happy,happy,0.9508
,happy,happy,0.9552
,happy,happy,0.4618
,happy,happy,0.6888
,happy,surprise,0.2773
,happy,surprise,0.8439
,happy,happy,0.6846
,happy,happy,0.9361
,happy,happy,0.851
,happy,happy,0.9205
,happy,happy,0.4805
,happy,happy,0.9638
,happy,happy,0.8979
,happy,neutral,0.413
,happy,happy,0.7745
,happy,sad,0.4333
,happy,happy,0.9052
,happy,surprise,0.5731
,happy,sad,0.3097
,happy,happy,0.7179
,happy,sad,0.4778
,happy,happy,0.8568
,happy,neutral,0.4093
,happy,happy,0.7993
,happy,angry,0.3235
,happy,happy,0.6366
,happy,happy,0.9131
,happy,happy,0.9468
,happy,happy,0.967
,happy,sad,0.38
,happy,happy,0.8256
,happy,fear,0.3967
,happy,neutral,0.4037
,happy,surprise,0.5077
,happy,happy,0.7593
,happy,neutral,0.2875
,happy,happy,0.9277
,happy,fear,0.2168
,happy,happy,0.5791
,happy,happy,0.8259
,happy,happy,0.9496
,happy,angry,0.3698
,happy,sad,0.3094
,happy,sad,0.2669
,happy,happy,0.774
,happy,sad,0.3037
,happy,happy,0.711
,happy,sad,0.5936
,happy,neutral,0.2817
,happy,angry,0.3521
,happy,happy,0.3432
,happy,happy,0.9264
,happy,happy,0.6094
,happy,happy,0.6671
,happy,happy,0.4152
,happy,neutral,0.2112
,happy,neutral,0.4741
,happy,happy,0.6692
,happy,happy,0.3716
,happy,happy,0.9111
,happy,neutral,0.3941
,happy,happy,0.7943
,happy,happy,0.3377
,happy,happy,0.6573
,happy,surprise,0.4912
,happy,happy,0.8138
,happy,happy,0.335
,happy,happy,0.5926
,happy,happy,0.3814
,happy,happy,0.6235
,happy,sad,0.261
,happy,angry,0.5321
,happy,happy,0.3297
,happy,happy,0.3553
,happy,happy,0.6445
,happy,angry,0.3286
,happy,happy,0.6187
,happy,happy,0.3579
,happy,happy,0.6252
,happy,happy,0.9097
,happy,happy,0.3252
,happy,neutral,0.3078
,happy,happy,0.9066
,happy,neutral,0.3155
,happy,neutral,0.2701
,happy,happy,0.8022
,happy,angry,0.3729
,happy,happy,0.5555
,happy,sad,0.2704
,happy,happy,0.8011
,happy,happy,0.4226
,happy,angry,0.4892
,happy,angry,0.4581
,happy,happy,0.7639
,happy,neutral,0.3509
,happy,surprise,0.3496
,happy,happy,0.2862
,happy,neutral,0.363
,happy,happy,0.3686
,happy,sad,0.3975
,happy,angry,0.4664
,happy,happy,0.5676
,happy,sad,0.235
,happy,happy,0.5516
,happy,happy,0.8007
,happy,happy,0.9147
,happy,happy,0.8059
,happy,happy,0.3329
,happy,happy,0.8187
,happy,happy,0.6321
,happy,happy,0.8045
,happy,neutral,0.5631
,happy,happy,0.7002
,happy,sad,0.3812
,happy,happy,0.4967
,happy,happy,0.5635
,happy,happy,0.4379
,happy,happy,0.9056
,happy,happy,0.4905
,happy,neutral,0.3754
,happy,happy,0.9197
,happy,happy,0.7875
,happy,sad,0.2376
,happy,happy,0.719
,happy,happy,0.58
,happy,happy,0.9253
,happy,happy,0.7607
,happy,happy,0.5957
,happy,happy,0.402
,happy,neutral,0.256
,happy,happy,0.493
,happy,sad,0.3084
,happy,happy,0.865
,happy,sad,0.3743
,happy,disgust,0.3146
,happy,happy,0.8815
,happy,happy,0.7065
,happy,happy,0.5326
,happy,neutral,0.3578
,happy,fear,0.3351
,happy,happy,0.2683
,happy,happy,0.3372
,happy,happy,0.4475
,happy,happy,0.4071
,happy,happy,0.9746
,happy,fear,0.4112
,happy,surprise,0.3119
,happy,happy,0.2743
,happy,happy,0.5228
,happy,neutral,0.6734
,happy,happy,0.3682
,happy,neutral,0.4584
,happy,happy,0.9325
,happy,happy,0.3143
,happy,happy,0.9784
,happy,happy,0.7065
,happy,happy,0.8153
,happy,neutral,0.5155
,happy,neutral,0.4742
,happy,sad,0.2444
,happy,fear,0.9418
,happy,happy,0.6869
,happy,happy,0.404
,happy,neutral,0.2614
,happy,happy,0.5281
,happy,happy,0.7675
,happy,happy,0.6926
,happy,neutral,0.512
,happy,happy,0.6455
,happy,neutral,0.553
,happy,sad,0.2915
,happy,happy,0.3631
,happy,happy,0.5403
,happy,happy,0.8041
,happy,happy,0.6848
,happy,surprise,0.365
,happy,happy,0.9686
,happy,happy,0.9133
,happy,fear,0.2645
,happy,happy,0.6102
,happy,happy,0.5689
,happy,happy,0.7561
,happy,fear,0.3923
,happy,fear,0.6851
,happy,neutral,0.2989
,happy,happy,0.6147
,happy,happy,0.2889
,happy,happy,0.5188
,happy,surprise,0.3471
,happy,happy,0.8149
,happy,happy,0.3386
,happy,happy,0.6743
,happy,happy,0.2901
,happy,neutral,0.5636
,happy,happy,0.3804
,happy,surprise,0.9386
,happy,happy,0.7542
,happy,angry,0.2919
,happy,angry,0.3099
,happy,happy,0.863
,happy,happy,0.7338
,happy,fear,0.7482
,happy,happy,0.4688
,happy,happy,0.6251
,happy,happy,0.4013
,happy,happy,0.6346
,happy,happy,0.713
,happy,neutral,0.5255
,happy,happy,0.5888
,happy,happy,0.2377
,happy,happy,0.6484
,happy,happy,0.4207
,happy,happy,0.4714
,happy,happy,0.9163
,happy,happy,0.5121
,happy,happy,0.9284
,happy,happy,0.7133
,happy,happy,0.955
,happy,happy,0.4733
,happy,happy,0.6722
,happy,surprise,0.4521
,happy,happy,0.7763
,happy,happy,0.5921
,happy,fear,0.4471
,happy,happy,0.5901
,happy,happy,0.7147
,happy,surprise,0.8681
,happy,happy,0.8597
,happy,happy,0.7194
,happy,happy,0.9878
,happy,happy,0.7579
,happy,happy,0.8884
,happy,neutral,0.3086
,happy,happy,0.3256
,happy,happy,0.5593
,happy,happy,0.6894
,happy,happy,0.5182
,happy,neutral,0.4183
,happy,sad,0.2967
,happy,happy,0.724
,happy,happy,0.9255
,happy,happy,0.325
,happy,sad,0.3117
,happy,neutral,0.6221
,happy,happy,0.5724
,happy,disgust,0.4022
,happy,happy,0.3574
,happy,fear,0.3855
,happy,happy,0.4395
,happy,happy,0.7835
,happy,happy,0.2948
,happy,happy,0.7568
,happy,happy,0.5714
,happy,happy,0.3311
,happy,happy,0.4093
,happy,happy,0.7513
,happy,happy,0.783
,happy,happy,0.2732
,happy,happy,0.3957
,happy,surprise,0.5181
,happy,happy,0.5255
,happy,happy,0.6767
,happy,happy,0.4529
,happy,surprise,0.8428
,happy,happy,0.3983
,happy,happy,0.9242
,happy,angry,0.4682
,happy,happy,0.3297
,happy,sad,0.5712
,happy,happy,0.7872
,happy,happy,0.5373
,happy,neutral,0.551
,happy,sad,0.4909
,happy,happy,0.934
,happy,happy,0.4191
,happy,happy,0.7489
,happy,happy,0.7277
,happy,neutral,0.449
,happy,happy,0.8316
,happy,happy,0.7244
,happy,happy,0.8289
,happy,sad,0.5462
,happy,happy,0.6948
,happy,happy,0.3493
,happy,surprise,0.6045
,happy,happy,0.8782
,happy,happy,0.4655
,happy,happy,0.6844
,happy,happy,0.9676
,happy,happy,0.4201
,happy,happy,0.4548
,happy,happy,0.5871
,happy,happy,0.8153
,happy,happy,0.4719
,happy,surprise,0.3537
,happy,neutral,0.647
,happy,happy,0.696
,happy,happy,0.5396
,happy,happy,0.7289
,happy,happy,0.6688
,happy,happy,0.3577
,happy,happy,0.9375
,happy,neutral,0.3594
,happy,angry,0.3024
,happy,happy,0.7253
,happy,sad,0.2741
,happy,happy,0.7962
,happy,happy,0.7601
,happy,happy,0.9397
,happy,neutral,0.7099
,happy,happy,0.6339
,happy,angry,0.3736
,happy,happy,0.9638
,happy,happy,0.8893
,happy,happy,0.7035
,happy,fear,0.2754
,happy,angry,0.2288
,happy,sad,0.3356
,happy,happy,0.4451
,happy,happy,0.8422
,happy,angry,0.5872
,happy,neutral,0.3212
,happy,happy,0.2602
,happy,happy,0.7658
,happy,happy,0.5121
,happy,angry,0.356
,happy,happy,0.6392
,happy,neutral,0.5168
,happy,happy,0.6197
,happy,happy,0.9487
,happy,happy,0.6106
,happy,happy,0.9592
,happy,angry,0.2292
,happy,happy,0.4952
,happy,happy,0.4879
,happy,angry,0.2198
,happy,happy,0.6982
,happy,happy,0.8837
,happy,happy,0.9867
,happy,happy,0.6468
,happy,happy,0.584
,happy,angry,0.2756
,happy,happy,0.386
,happy,happy,0.9589
,happy,happy,0.8572
,happy,happy,0.3574
,happy,disgust,0.3775
,happy,neutral,0.2498
,happy,happy,0.3799
,happy,happy,0.9721
,happy,happy,0.8817
,happy,happy,0.5804
,happy,happy,0.5489
,happy,angry,0.3331
,happy,fear,0.408
,happy,happy,0.8929
,happy,happy,0.9508
,happy,happy,0.3819
,happy,happy,0.9609
,happy,happy,0.4195
,happy,happy,0.7403
,happy,happy,0.5086
,happy,neutral,0.5693
,happy,happy,0.607
,happy,sad,0.325
,happy,happy,0.3339
,happy,happy,0.6563
,happy,happy,0.556
,happy,neutral,0.5244
,happy,fear,0.4163
,happy,happy,0.6285
,happy,happy,0.4294
,happy,sad,0.267
,happy,happy,0.8263
,happy,happy,0.5325
,happy,happy,0.7495
,happy,neutral,0.321
,happy,happy,0.6215
,happy,neutral,0.4673
,happy,happy,0.5406
,happy,happy,0.3927
,happy,happy,0.9697
,happy,happy,0.6472
,happy,happy,0.9055
,happy,surprise,0.4243
,happy,happy,0.7175
,happy,happy,0.9054
,happy,happy,0.6613
,happy,happy,0.5228
,happy,happy,0.3966
,happy,happy,0.3198
,happy,happy,0.2544
,happy,happy,0.8097
,happy,happy,0.3588
,happy,angry,0.3548
,happy,happy,0.5787
,happy,happy,0.6638
,happy,happy,0.7168
,happy,happy,0.8799
,happy,neutral,0.3541
,happy,happy,0.4835
,happy,happy,0.4569
,happy,angry,0.5413
,happy,happy,0.4554
,happy,neutral,0.4435
,happy,disgust,0.5574
,happy,happy,0.5911
,happy,happy,0.739
,happy,happy,0.6167
,happy,fear,0.3516
,happy,happy,0.5901
,happy,happy,0.6853
,happy,happy,0.5135
,happy,happy,0.6148
,happy,happy,0.4113
,happy,happy,0.613
,happy,sad,0.2688
,happy,angry,0.3983
,happy,happy,0.5017
,happy,happy,0.95
,happy,happy,0.5854
,happy,sad,0.3605
,happy,happy,0.5308
,happy,happy,0.7331
,happy,happy,0.2705
,happy,happy,0.9527
,happy,neutral,0.355
,happy,happy,0.5765
,happy,happy,0.7464
,happy,happy,0.3213
,happy,neutral,0.272
,happy,sad,0.3038
,happy,surprise,0.7098
,happy,neutral,0.6384
,happy,happy,0.8698
,happy,happy,0.5978
,happy,happy,0.2317
,happy,surprise,0.4074
,happy,angry,0.3817
,happy,disgust,0.8461
,happy,happy,0.223
,happy,happy,0.9411
,happy,neutral,0.282
,happy,happy,0.3458
,happy,happy,0.4395
,happy,happy,0.4858
,happy,neutral,0.4961
,happy,happy,0.5256
,happy,happy,0.6452
,happy,neutral,0.2845
,happy,happy,0.4613
,happy,happy,0.5751
,happy,happy,0.9282
,happy,happy,0.7396
,happy,happy,0.5814
,happy,happy,0.6039
,happy,neutral,0.3056
,happy,sad,0.3167
,happy,happy,0.6163
,happy,happy,0.6615
,happy,happy,0.5486
,happy,sad,0.3623
,happy,happy,0.4022
,happy,angry,0.3097
,happy,surprise,0.2725
,happy,happy,0.2158
,happy,angry,0.2708
,happy,angry,0.3787
,happy,angry,0.2999
,happy,angry,0.2382
,happy,happy,0.3923
,happy,neutral,0.5023
,happy,happy,0.7369
,happy,happy,0.5958
,happy,angry,0.388
,happy,happy,0.8426
,happy,happy,0.627
,happy,happy,0.5582
,happy,sad,0.3981
,happy,happy,0.3742
,happy,happy,0.8397
,happy,happy,0.8768
,happy,angry,0.301
,happy,happy,0.8627
,happy,happy,0.9684
,happy,happy,0.7161
,happy,happy,0.4795
,happy,happy,0.9345
,happy,happy,0.2675
,happy,happy,0.7028
,happy,neutral,0.2714
,happy,happy,0.8802
,happy,disgust,0.4958
,happy,happy,0.6146
,happy,sad,0.3867
,happy,sad,0.2244
,happy,happy,0.55
,happy,sad,0.3285
,happy,happy,0.426
,happy,angry,0.3734
,happy,happy,0.2707
,happy,happy,0.9374
,happy,happy,0.5051
,happy,happy,0.2508
,happy,happy,0.7914
,happy,happy,0.5295
,happy,happy,0.8054
,happy,surprise,0.8729
,happy,happy,0.7436
,happy,happy,0.6001
,happy,happy,0.4449
,happy,happy,0.7782
,happy,happy,0.7087
,happy,happy,0.4745
,happy,neutral,0.253
,happy,sad,0.3014
,happy,happy,0.4254
,happy,happy,0.3396
,happy,neutral,0.3454
,happy,happy,0.3422
,happy,happy,0.4703
,happy,happy,0.864
,happy,happy,0.9821
,happy,happy,0.8972
,happy,neutral,0.2606
,happy,happy,0.756
,happy,happy,0.3653
,happy,sad,0.2868
,happy,sad,0.3288
,happy,happy,0.9385
,happy,happy,0.7934
,happy,happy,0.6764
,happy,happy,0.833
,happy,happy,0.8095
,happy,happy,0.8058
,happy,surprise,0.8428
,happy,happy,0.3624
,happy,happy,0.8697
,happy,neutral,0.5103
,happy,surprise,0.4472
,happy,happy,0.9187
,happy,happy,0.3263
,happy,neutral,0.5404
,happy,happy,0.8431
,happy,disgust,0.2503
,happy,happy,0.5736
,happy,angry,0.4271
,happy,happy,0.38
,happy,happy,0.4831
,happy,happy,0.5666
,happy,neutral,0.4509
,happy,neutral,0.4878
,happy,neutral,0.4612
,happy,sad,0.3986
,happy,happy,0.4132
,happy,happy,0.7653
,happy,happy,0.3827
,happy,happy,0.427
,happy,sad,0.4397
,happy,disgust,0.7048
,happy,neutral,0.338
,happy,neutral,0.2813
,happy,neutral,0.4009
,happy,neutral,0.3877
,happy,happy,0.8518
,happy,happy,0.5959
,happy,neutral,0.5522
,happy,neutral,0.3251
,happy,happy,0.538
,happy,neutral,0.3543
,happy,disgust,0.7743
,happy,happy,0.7588
,happy,happy,0.887
,happy,happy,0.6586
,happy,surprise,0.348
,happy,happy,0.8278
,happy,happy,0.2652
,happy,happy,0.5602
,happy,angry,0.3127
,happy,happy,0.7558
,happy,sad,0.2068
,happy,happy,0.6322
,happy,happy,0.4399
,happy,happy,0.6194
,happy,happy,0.3227
,happy,happy,0.3773
,happy,sad,0.3683
,happy,happy,0.9019
,happy,happy,0.5591
,happy,happy,0.7202
,happy,fear,0.4343
,happy,neutral,0.4105
,happy,happy,0.8745
,happy,angry,0.4247
,happy,happy,0.7877
,happy,happy,0.4046
,happy,happy,0.4278
,happy,neutral,0.4046
,happy,angry,0.3552
,happy,sad,0.3975
,happy,sad,0.3763
,happy,happy,0.5936
,happy,happy,0.8786
,happy,angry,0.4022
,happy,happy,0.8475
,happy,happy,0.3516
,happy,disgust,0.2716
,happy,happy,0.4238
,happy,angry,0.3344
,happy,happy,0.5512
,happy,happy,0.4339
,happy,happy,0.4033
,happy,happy,0.8538
,happy,happy,0.3208
,happy,surprise,0.7735
,happy,surprise,0.4298
,happy,happy,0.3534
,happy,happy,0.9176
,happy,fear,0.361
,happy,happy,0.3879
,happy,happy,0.4247
,happy,happy,0.4667
,happy,happy,0.738
,happy,disgust,0.416
,happy,happy,0.4894
,happy,happy,0.3126
,happy,happy,0.6332
,happy,happy,0.9187
,happy,happy,0.2979
,happy,happy,0.4874
,happy,happy,0.9037
,happy,happy,0.9844
,happy,happy,0.5394
,happy,happy,0.5762
,happy,happy,0.3071
,happy,fear,0.7032
,happy,happy,0.6799
,happy,happy,0.6825
,happy,happy,0.972
,happy,happy,0.9421
,happy,happy,0.8751
,happy,happy,0.3189
,happy,happy,0.2899
,happy,happy,0.5491
,happy,surprise,0.2757
,happy,happy,0.2284
,happy,angry,0.3933
,happy,disgust,0.5575
,happy,happy,0.3427
,happy,happy,0.9637
,happy,happy,0.8701
,happy,happy,0.4758
,happy,happy,0.9393
,happy,happy,0.9766
,happy,happy,0.8537
,happy,happy,0.9186
,happy,happy,0.6767
,happy,happy,0.712
,happy,surprise,0.7823
,happy,happy,0.3716
,happy,surprise,0.3915
,happy,surprise,0.6264
,happy,neutral,0.6593
,happy,sad,0.3402
,happy,neutral,0.2929
,happy,neutral,0.3252
,happy,neutral,0.2292
,happy,happy,0.4894
,happy,surprise,0.2636
,happy,sad,0.3928
,happy,happy,0.6841
,happy,neutral,0.4274
,happy,happy,0.2848
,happy,happy,0.5227
,happy,neutral,0.3145
,happy,neutral,0.3266
,happy,happy,0.3309
,happy,neutral,0.3289
,happy,happy,0.4449
,happy,happy,0.324
,happy,angry,0.3877
,happy,happy,0.5715
,happy,happy,0.5628
,happy,happy,0.3693
,happy,surprise,0.7005
,happy,neutral,0.2915
,happy,fear,0.3002
,happy,happy,0.3984
,happy,sad,0.3847
,happy,happy,0.9093
,happy,happy,0.769
,happy,happy,0.8269
,happy,neutral,0.4181
,happy,neutral,0.3998
,happy,happy,0.6037
,happy,neutral,0.2905
,happy,neutral,0.5137
,happy,happy,0.2245
,happy,neutral,0.3306
,happy,surprise,0.491
,happy,surprise,0.3806
,happy,happy,0.3883
,happy,happy,0.9299
,happy,happy,0.8154
,happy,happy,0.8508
,happy,happy,0.9511
,happy,happy,0.9086
,happy,angry,0.5555
,happy,happy,0.5369
,happy,happy,0.6137
,happy,happy,0.8267
,happy,happy,0.5826
,happy,surprise,0.6681
,happy,happy,0.5393
,happy,happy,0.8808
,happy,happy,0.3415
,happy,happy,0.661
,happy,happy,0.7887
,happy,sad,0.3361
,happy,sad,0.5823
,happy,happy,0.3285
,happy,happy,0.3265
,happy,happy,0.3214
,happy,happy,0.2602
,happy,happy,0.9319
,happy,happy,0.5807
,happy,surprise,0.6481
,happy,happy,0.3985
,happy,surprise,0.3485
,happy,happy,0.4444
,happy,angry,0.3763
,happy,happy,0.5992
,happy,sad,0.6086
,happy,happy,0.5904
,happy,happy,0.677
,happy,angry,0.3307
,happy,happy,0.3681
,happy,happy,0.3137
,happy,sad,0.3753
,happy,happy,0.6824
,happy,fear,0.3743
,happy,happy,0.4532
,happy,happy,0.3775
,happy,neutral,0.3736
,happy,neutral,0.6632
,happy,angry,0.3886
,happy,happy,0.7617
,happy,happy,0.5246
,happy,happy,0.3587
,happy,sad,0.4575
,happy,happy,0.4032
,happy,happy,0.6588
,happy,neutral,0.3006
,happy,happy,0.3436
,happy,fear,0.3465
,happy,angry,0.4408
,happy,neutral,0.3471
,happy,angry,0.4471
,happy,happy,0.7429
,happy,neutral,0.2863
,happy,angry,0.3234
,happy,happy,0.5122
,happy,happy,0.9695
,happy,surprise,0.4515
,happy,happy,0.8582
,happy,happy,0.3727
,happy,happy,0.3051
,happy,happy,0.9831
,happy,neutral,0.434
,happy,happy,0.7876
,happy,happy,0.5828
,happy,happy,0.7467
,happy,happy,0.3711
,happy,happy,0.9909
,happy,happy,0.5847
,happy,happy,0.8415
,happy,happy,0.893
,happy,happy,0.5514
,happy,surprise,0.3277
,happy,happy,0.5662
,happy,happy,0.6772
,happy,neutral,0.4891
,happy,happy,0.6649
,happy,fear,0.3634
,happy,happy,0.4905
,happy,happy,0.7346
,happy,happy,0.9471
,happy,happy,0.2715
,happy,happy,0.8304
,happy,sad,0.378
,happy,happy,0.3371
,happy,happy,0.3347
,happy,neutral,0.5237
,happy,happy,0.6374
,happy,happy,0.9155
,happy,happy,0.815
,happy,happy,0.8225
,happy,surprise,0.5082
,happy,happy,0.8032
,happy,happy,0.4276
,happy,happy,0.3992
,happy,happy,0.7421
,happy,happy,0.9273
,happy,happy,0.836
,happy,happy,0.809
,happy,happy,0.8483
,happy,happy,0.6664
,happy,happy,0.2923
,happy,angry,0.3152
,happy,neutral,0.4415
,happy,neutral,0.3084
,happy,angry,0.3195
,happy,happy,0.8031
,happy,angry,0.3465
,happy,neutral,0.6531
,happy,neutral,0.3471
,happy,neutral,0.4767
,happy,happy,0.6599
,happy,neutral,0.4327
,happy,sad,0.3829
,happy,disgust,0.3762
,happy,happy,0.7794
,happy,neutral,0.4772
,happy,angry,0.2961
,happy,neutral,0.4084
,happy,angry,0.2541
,happy,neutral,0.6812
,happy,fear,0.228
,happy,neutral,0.3982
,happy,disgust,0.4919
,happy,disgust,0.6809
,happy,happy,0.4282
,happy,happy,0.384
,happy,neutral,0.399
,happy,happy,0.3246
,happy,happy,0.6823
,happy,happy,0.9015
,happy,surprise,0.4681
,happy,angry,0.3102
,happy,happy,0.4177
,happy,happy,0.915
,happy,neutral,0.3766
,happy,happy,0.5053
,happy,happy,0.9596
,happy,happy,0.4054
,happy,happy,0.5499
,happy,happy,0.3726
,happy,happy,0.5347
,happy,happy,0.3252
,happy,happy,0.8231
,happy,happy,0.8753
,happy,angry,0.3692
,happy,happy,0.7783
,happy,happy,0.5371
,happy,happy,0.712
,happy,happy,0.553
,happy,happy,0.7647
,happy,disgust,0.8203
,happy,happy,0.7479
,happy,happy,0.4761
,happy,happy,0.6618
,happy,disgust,0.4462
,happy,happy,0.618
,happy,happy,0.4212
,happy,surprise,0.4125
,happy,happy,0.8925
,happy,happy,0.6906
,happy,happy,0.3496
,happy,happy,0.5912
,happy,happy,0.4546
,happy,neutral,0.243
,happy,disgust,0.5523
,happy,happy,0.842
,happy,angry,0.3839
,happy,happy,0.841
,happy,happy,0.4014
,happy,happy,0.3268
,happy,happy,0.7656
,happy,happy,0.3209
,happy,fear,0.2881
,happy,happy,0.5452
,happy,neutral,0.4739
,happy,happy,0.5138
,happy,happy,0.3574
,happy,happy,0.9568
,happy,neutral,0.3693
,happy,sad,0.3219
,happy,neutral,0.5031
,happy,sad,0.3987
,happy,happy,0.5324
,happy,happy,0.4444
,happy,happy,0.7475
,happy,surprise,0.3889
,happy,happy,0.7161
,happy,happy,0.8194
,happy,happy,0.6437
,happy,happy,0.6086
,happy,angry,0.358
,happy,happy,0.7567
,happy,happy,0.5114
,happy,happy,0.3867
,happy,neutral,0.4149
,happy,happy,0.4924
,happy,angry,0.2261
,happy,neutral,0.4934
,happy,happy,0.7074
,happy,surprise,0.2767
,happy,happy,0.5999
,happy,happy,0.864
,happy,happy,0.9378
,happy,sad,0.3291
,happy,neutral,0.6414
,happy,happy,0.7002
,happy,happy,0.2467
,happy,happy,0.8526
,happy,neutral,0.3108
,happy,happy,0.6747
,happy,happy,0.3035
,happy,disgust,0.3595
,happy,happy,0.3507
,happy,happy,0.5071
,happy,surprise,0.8246
,happy,happy,0.7149
,happy,angry,0.4183
,happy,angry,0.4239
,happy,disgust,0.8345
,happy,surprise,0.3627
,happy,happy,0.4049
,happy,surprise,0.7373
,happy,surprise,0.3782
,happy,happy,0.773
,happy,angry,0.4563
,happy,neutral,0.264
,happy,happy,0.7072
,happy,sad,0.3585
,happy,happy,0.5741
,happy,happy,0.6065
,happy,happy,0.7352
,happy,neutral,0.2282
,happy,happy,0.5036
,happy,happy,0.2777
,happy,angry,0.3051
,happy,happy,0.7255
,happy,neutral,0.381
,happy,happy,0.7749
,happy,happy,0.5181
,happy,surprise,0.4897
,happy,neutral,0.433
,happy,happy,0.5902
,happy,happy,0.8202
,happy,surprise,0.9453
,happy,happy,0.3252
,happy,angry,0.3205
,happy,happy,0.966
,happy,happy,0.662
,happy,happy,0.8086
,happy,happy,0.9357
,happy,happy,0.748
,happy,happy,0.5554
,happy,happy,0.9
,happy,happy,0.2636
,happy,happy,0.8904
,happy,happy,0.3548
,happy,happy,0.801
,happy,happy,0.9075
,happy,happy,0.8891
,happy,happy,0.9647
,happy,neutral,0.3139
,happy,happy,0.722
,happy,disgust,0.5662
,happy,happy,0.9463
,happy,happy,0.3807
,happy,happy,0.5888
,happy,happy,0.8972
,happy,happy,0.6646
,happy,sad,0.4387
,happy,happy,0.8744
,happy,neutral,0.3863
,happy,fear,0.3527
,happy,happy,0.8393
,happy,happy,0.4875
,happy,happy,0.3304
,happy,happy,0.8653
,happy,happy,0.4368
,happy,happy,0.34
,happy,happy,0.5992
,happy,happy,0.8756
,happy,angry,0.451
,happy,surprise,0.2986
,happy,happy,0.7678
,happy,angry,0.3206
,happy,fear,0.3385
,happy,happy,0.7106
,happy,happy,0.2497
,happy,angry,0.2592
,happy,happy,0.6091
,happy,happy,0.7661
,happy,happy,0.8872
,happy,angry,0.3277
,happy,happy,0.7933
,happy,happy,0.9519
,happy,happy,0.3567
,happy,happy,0.7732
,happy,angry,0.8348
,happy,angry,0.2853
,happy,happy,0.9209
,happy,happy,0.32
,happy,angry,0.2745
,happy,happy,0.9355
,happy,happy,0.6996
,happy,happy,0.532
,happy,happy,0.5709
,happy,happy,0.6125
,happy,sad,0.4173
,happy,happy,0.5585
,happy,angry,0.6288
,happy,happy,0.3192
,happy,happy,0.8056
,happy,happy,0.8175
,happy,happy,0.4016
,happy,happy,0.9461
,happy,neutral,0.4178
,happy,neutral,0.3163
,happy,happy,0.4356
,happy,happy,0.8835
,happy,angry,0.5429
,happy,happy,0.7451
,happy,neutral,0.6759
,happy,happy,0.2082
,happy,neutral,0.4844
,happy,happy,0.3426
,happy,happy,0.8805
,happy,surprise,0.7476
,happy,fear,0.3201
,happy,neutral,0.4298
,happy,neutral,0.5419
,happy,angry,0.5431
,happy,happy,0.562
,happy,angry,0.2747
,happy,happy,0.4156
,happy,happy,0.9107
,happy,angry,0.4245
,happy,happy,0.8635
,happy,happy,0.4405
,happy,happy,0.8003
,happy,neutral,0.4212
,happy,fear,0.3468
,happy,happy,0.5508
,happy,happy,0.486
,happy,happy,0.9148
,happy,happy,0.8073
,happy,surprise,0.4798
,happy,happy,0.9512
,happy,happy,0.8248
,happy,neutral,0.3222
,happy,neutral,0.2849
,happy,happy,0.4655
,happy,happy,0.5015
,happy,happy,0.6838
,happy,surprise,0.3702
,happy,happy,0.6513
,happy,neutral,0.4303
,happy,surprise,0.3218
,happy,happy,0.7536
,happy,happy,0.4639
,happy,happy,0.3762
,happy,happy,0.6258
,happy,sad,0.3161
,happy,happy,0.5486
,happy,happy,0.9772
,happy,happy,0.7203
,happy,fear,0.739
,happy,happy,0.6513
,happy,sad,0.2533
,happy,happy,0.5489
,happy,neutral,0.4856
,happy,angry,0.286
,happy,neutral,0.3681
,happy,happy,0.3531
,happy,happy,0.6834
,happy,happy,0.7379
,happy,happy,0.3496
,happy,happy,0.5472
,happy,happy,0.7037
,happy,sad,0.3149
,happy,happy,0.8931
,happy,happy,0.9214
,happy,disgust,0.399
,happy,happy,0.3866
,happy,happy,0.9256
,happy,happy,0.6466
,happy,happy,0.3752
,happy,happy,0.2485
,happy,surprise,0.2042
,happy,sad,0.6083
,happy,fear,0.4465
,happy,happy,0.8555
,happy,happy,0.6162
,happy,happy,0.6567
,happy,happy,0.9574
,happy,angry,0.4446
,happy,happy,0.9118
,happy,happy,0.5861
,happy,sad,0.264
,happy,angry,0.2708
,happy,happy,0.7294
,happy,happy,0.7388
,happy,neutral,0.3627
,happy,happy,0.646
,happy,happy,0.8199
,happy,happy,0.9539
,happy,happy,0.87
,happy,angry,0.51
,happy,happy,0.5218
,happy,happy,0.7633
,happy,happy,0.6837
,happy,happy,0.3249
,happy,happy,0.3916
,happy,happy,0.3495
,happy,happy,0.6616
,happy,happy,0.5812
,happy,happy,0.742
,happy,disgust,0.5867
,happy,happy,0.8704
,happy,neutral,0.5898
,happy,happy,0.4661
,happy,happy,0.9642
,happy,happy,0.5897
,happy,angry,0.3397
,happy,neutral,0.3324
,happy,surprise,0.3406
,happy,happy,0.5906
,happy,angry,0.2647
,happy,angry,0.3041
,happy,happy,0.6797
,happy,happy,0.9271
,happy,happy,0.4494
,happy,happy,0.4053
,happy,happy,0.4458
,happy,sad,0.3733
,happy,disgust,0.6365
,happy,happy,0.7293
,happy,fear,0.3281
,happy,sad,0.4871
,happy,happy,0.5377
,happy,happy,0.608
,happy,angry,0.3154
,happy,happy,0.4517
,happy,happy,0.3881
,happy,happy,0.3193
,happy,sad,0.3334
,happy,neutral,0.4248
,happy,happy,0.746
,happy,surprise,0.7888
,happy,neutral,0.2395
,happy,sad,0.3874
,happy,happy,0.9563
,happy,happy,0.8945
,happy,happy,0.5697
,happy,happy,0.6487
,happy,happy,0.7401
,happy,happy,0.7474
,happy,happy,0.8482
,happy,happy,0.8731
,happy,happy,0.5768
,happy,neutral,0.3082
,happy,happy,0.4526
,happy,happy,0.411
,happy,neutral,0.3022
,happy,neutral,0.5169
,happy,surprise,0.3009
,happy,happy,0.7488
,happy,happy,0.3241
,happy,happy,0.6728
,happy,neutral,0.3074
,happy,surprise,0.4004
,happy,happy,0.598
,happy,happy,0.5354
,happy,happy,0.3013
,happy,happy,0.2948
,happy,happy,0.7457
,happy,disgust,0.2644
,happy,happy,0.4297
,happy,neutral,0.4086
,happy,neutral,0.2801
,happy,happy,0.8946
,happy,angry,0.387
,happy,angry,0.3541
,happy,happy,0.3945
,happy,happy,0.852
,happy,happy,0.7229
,happy,surprise,0.4873
,happy,disgust,0.3562
,happy,angry,0.3318
,happy,happy,0.944
,happy,happy,0.6652
,happy,happy,0.4
,happy,happy,0.8274
,happy,sad,0.2698
,happy,happy,0.854
,happy,happy,0.8377
,happy,sad,0.3112
,happy,neutral,0.3717
,happy,happy,0.253
,happy,happy,0.4671
,happy,happy,0.9067
,happy,angry,0.2844
,happy,happy,0.2957
,happy,happy,0.5736
,happy,happy,0.6895
,happy,happy,0.9626
,happy,sad,0.4142
,happy,neutral,0.258
,happy,happy,0.9081
,happy,neutral,0.3381
,happy,neutral,0.6791
,happy,surprise,0.8707
,happy,surprise,0.4409
,happy,disgust,0.286
,happy,happy,0.5838
,happy,happy,0.8573
,happy,happy,0.3597
,happy,happy,0.9015
,happy,happy,0.4126
,happy,happy,0.6681
,happy,happy,0.9863
,happy,happy,0.4165
,happy,happy,0.642
,happy,disgust,0.8065
,happy,happy,0.5992
,happy,neutral,0.3364
,happy,happy,0.3061
,happy,neutral,0.4254
,happy,happy,0.7027
,happy,happy,0.4334
,happy,neutral,0.3855
,happy,neutral,0.5868
,happy,neutral,0.2906
,happy,happy,0.3288
,happy,happy,0.6394
,happy,happy,0.4777
,happy,neutral,0.3777
,happy,happy,0.8248
,happy,happy,0.7249
,happy,happy,0.3248
,happy,happy,0.9574
,happy,happy,0.6002
,happy,neutral,0.2586
,happy,happy,0.9491
,happy,happy,0.8145
,neutral,neutral,0.3701
,neutral,neutral,0.3389
,neutral,neutral,0.5203
,neutral,angry,0.3814
,neutral,neutral,0.7101
,neutral,sad,0.2888
,neutral,neutral,0.7506
,neutral,surprise,0.4157
,neutral,neutral,0.6437
,neutral,neutral,0.3781
,neutral,neutral,0.5164
,neutral,sad,0.2715
,neutral,fear,0.2996
,neutral,neutral,0.5951
,neutral,angry,0.3885
,neutral,fear,0.3858
,neutral,happy,0.4306
,neutral,surprise,0.7194
,neutral,neutral,0.9271
,neutral,neutral,0.5289
,neutral,neutral,0.2468
,neutral,neutral,0.3132
,neutral,sad,0.4921
,neutral,neutral,0.4877
,neutral,neutral,0.4287
,neutral,angry,0.4307
,neutral,neutral,0.5113
,neutral,sad,0.2442
,neutral,neutral,0.3226
,neutral,happy,0.3692
,neutral,neutral,0.3463
,neutral,neutral,0.6086
,neutral,neutral,0.3365
,neutral,happy,0.314
,neutral,neutral,0.2411
,neutral,neutral,0.5386
,neutral,fear,0.2053
,neutral,sad,0.4414
,neutral,neutral,0.6297
,neutral,neutral,0.4934
,neutral,happy,0.2497
,neutral,neutral,0.2697
,neutral,sad,0.3151
,neutral,fear,0.2468
,neutral,neutral,0.4144
,neutral,sad,0.2745
,neutral,neutral,0.4857
,neutral,surprise,0.2713
,neutral,fear,0.4261
,neutral,neutral,0.8047
,neutral,neutral,0.2628
,neutral,surprise,0.2803
,neutral,neutral,0.6779
,neutral,neutral,0.3702
,neutral,angry,0.3964
,neutral,neutral,0.3583
,neutral,happy,0.6854
,neutral,neutral,0.4241
,neutral,neutral,0.7357
,neutral,neutral,0.3833
,neutral,sad,0.3032
,neutral,disgust,0.5938
,neutral,neutral,0.5892
,neutral,happy,0.4001
,neutral,fear,0.2392
,neutral,fear,0.2171
,neutral,happy,0.4111
,neutral,neutral,0.4137
,neutral,neutral,0.3325
,neutral,neutral,0.6418
,neutral,neutral,0.4265
,neutral,sad,0.3912
,neutral,neutral,0.7176
,neutral,angry,0.4514
,neutral,sad,0.2631
,neutral,neutral,0.5235
,neutral,neutral,0.3216
,neutral,neutral,0.4744
,neutral,neutral,0.7002
,neutral,neutral,0.3095
,neutral,angry,0.2835
,neutral,neutral,0.7089
,neutral,neutral,0.7542
,neutral,neutral,0.6364
,neutral,happy,0.7042
,neutral,sad,0.2777
,neutral,neutral,0.5351
,neutral,neutral,0.3347
,neutral,neutral,0.4186
,neutral,neutral,0.2205
,neutral,fear,0.5346
,neutral,neutral,0.2796
,neutral,happy,0.3615
,neutral,neutral,0.458
,neutral,sad,0.3064
,neutral,neutral,0.4774
,neutral,neutral,0.7992
,neutral,neutral,0.549
,neutral,neutral,0.3105
,neutral,neutral,0.7293
,neutral,happy,0.3115
,neutral,neutral,0.3347
,neutral,fear,0.3643
,neutral,happy,0.5322
,neutral,neutral,0.5936
,neutral,sad,0.3642
,neutral,neutral,0.5199
,neutral,sad,0.286
,neutral,sad,0.6323
,neutral,sad,0.3535
,neutral,happy,0.2821
,neutral,neutral,0.5811
,neutral,neutral,0.3374
,neutral,neutral,0.5643
,neutral,neutral,0.451
,neutral,happy,0.4238
,neutral,neutral,0.3419
,neutral,neutral,0.8891
,neutral,fear,0.3381
,neutral,surprise,0.5788
,neutral,neutral,0.4278
,neutral,neutral,0.7828
,neutral,neutral,0.3308
,neutral,neutral,0.3056
,neutral,sad,0.3219
,neutral,neutral,0.2185
,neutral,neutral,0.6924
,neutral,happy,0.5285
,neutral,surprise,0.4199
,neutral,neutral,0.6004
,neutral,sad,0.4896
,neutral,neutral,0.4584
,neutral,neutral,0.3925
,neutral,neutral,0.7122
,neutral,sad,0.6222
,neutral,happy,0.2613
,neutral,sad,0.2992
,neutral,neutral,0.7026
,neutral,neutral,0.9209
,neutral,disgust,0.7547
,neutral,sad,0.3948
,neutral,neutral,0.2725
,neutral,neutral,0.3159
,neutral,fear,0.2362
,neutral,neutral,0.4368
,neutral,neutral,0.2937
,neutral,sad,0.2828
,neutral,sad,0.3425
,neutral,sad,0.4424
,neutral,neutral,0.4955
,neutral,neutral,0.425
,neutral,surprise,0.5956
,neutral,neutral,0.5881
,neutral,neutral,0.9548
,neutral,fear,0.333
,neutral,disgust,0.2957
,neutral,neutral,0.4064
,neutral,neutral,0.5138
,neutral,neutral,0.2648
,neutral,neutral,0.5081
,neutral,fear,0.2836
,neutral,neutral,0.6093
,neutral,neutral,0.4353
,neutral,sad,0.2319
,neutral,neutral,0.5697
,neutral,happy,0.3668
,neutral,angry,0.3416
,neutral,neutral,0.5283
,neutral,neutral,0.4181
,neutral,neutral,0.5007
,neutral,neutral,0.6043
,neutral,happy,0.6791
,neutral,neutral,0.8394
,neutral,neutral,0.3731
,neutral,neutral,0.3703
,neutral,neutral,0.5523
,neutral,neutral,0.3888
,neutral,neutral,0.5254
,neutral,neutral,0.3786
,neutral,sad,0.4663
,neutral,happy,0.3071
,neutral,neutral,0.5906
,neutral,sad,0.2932
,neutral,neutral,0.4286
,neutral,neutral,0.6169
,neutral,neutral,0.392
,neutral,neutral,0.6126
,neutral,angry,0.2664
,neutral,happy,0.4011
,neutral,neutral,0.6731
,neutral,fear,0.6578
,neutral,surprise,0.455
,neutral,neutral,0.4682
,neutral,neutral,0.3935
,neutral,neutral,0.5592
,neutral,neutral,0.5403
,neutral,neutral,0.6414
,neutral,neutral,0.5407
,neutral,fear,0.3074
,neutral,neutral,0.4742
,neutral,neutral,0.3974
,neutral,neutral,0.3813
,neutral,neutral,0.4473
,neutral,angry,0.4638
,neutral,neutral,0.4173
,neutral,neutral,0.3668
,neutral,happy,0.4851
,neutral,neutral,0.8935
,neutral,sad,0.3051
,neutral,neutral,0.7578
,neutral,happy,0.2359
,neutral,fear,0.4184
,neutral,happy,0.3285
,neutral,sad,0.3114
,neutral,sad,0.4156
,neutral,happy,0.2183
,neutral,neutral,0.5028
,neutral,neutral,0.5436
,neutral,sad,0.236
,neutral,neutral,0.4777
,neutral,neutral,0.9558
,neutral,neutral,0.5704
,neutral,neutral,0.5351
,neutral,angry,0.3794
,neutral,neutral,0.5286
,neutral,neutral,0.4672
,neutral,sad,0.3379
,neutral,neutral,0.5352
,neutral,neutral,0.5043
,neutral,happy,0.2787
,neutral,sad,0.3818
,neutral,neutral,0.7286
,neutral,neutral,0.3505
,neutral,angry,0.3649
,neutral,angry,0.3067
,neutral,disgust,0.795
,neutral,happy,0.4664
,neutral,angry,0.2981
,neutral,neutral,0.5393
,neutral,neutral,0.2831
,neutral,surprise,0.4094
,neutral,surprise,0.5185
,neutral,surprise,0.9387
,neutral,sad,0.265
,neutral,surprise,0.2338
,neutral,neutral,0.4528
,neutral,neutral,0.6783
,neutral,neutral,0.2286
,neutral,fear,0.3334
,neutral,neutral,0.3469
,neutral,disgust,0.5388
,neutral,neutral,0.4882
,neutral,sad,0.369
,neutral,neutral,0.4155
,neutral,fear,0.4898
,neutral,neutral,0.4143
,neutral,neutral,0.7994
,neutral,neutral,0.3091
,neutral,neutral,0.8008
,neutral,happy,0.3621
,neutral,sad,0.3587
,neutral,neutral,0.3344
,neutral,surprise,0.3836
,neutral,neutral,0.7213
,neutral,neutral,0.7314
,neutral,neutral,0.5148
,neutral,neutral,0.8983
,neutral,neutral,0.5749
,neutral,neutral,0.2225
,neutral,neutral,0.8221
,neutral,neutral,0.4943
,neutral,neutral,0.4703
,neutral,neutral,0.8797
,neutral,neutral,0.4267
,neutral,neutral,0.5177
,neutral,neutral,0.5935
,neutral,angry,0.3176
,neutral,sad,0.2153
,neutral,neutral,0.2561
,neutral,neutral,0.2381
,neutral,neutral,0.3395
,neutral,neutral,0.486
,neutral,neutral,0.3697
,neutral,neutral,0.5565
,neutral,neutral,0.9407
,neutral,sad,0.3148
,neutral,surprise,0.4452
,neutral,neutral,0.5103
,neutral,disgust,0.3356
,neutral,angry,0.434
,neutral,neutral,0.3911
,neutral,neutral,0.3023
,neutral,surprise,0.6477
,neutral,surprise,0.4223
,neutral,neutral,0.6623
,neutral,neutral,0.3451
,neutral,sad,0.4033
,neutral,angry,0.4435
,neutral,disgust,0.554
,neutral,sad,0.2575
,neutral,neutral,0.6255
,neutral,sad,0.6639
,neutral,neutral,0.43
,neutral,neutral,0.3357
,neutral,angry,0.2871
,neutral,sad,0.6721
,neutral,neutral,0.4991
,neutral,neutral,0.3931
,neutral,angry,0.2787
,neutral,neutral,0.5421
,neutral,sad,0.2753
,neutral,neutral,0.542
,neutral,happy,0.7085
,neutral,neutral,0.2636
,neutral,neutral,0.5045
,neutral,fear,0.3683
,neutral,happy,0.3878
,neutral,neutral,0.3988
,neutral,fear,0.3649
,neutral,neutral,0.366
,neutral,neutral,0.4532
,neutral,neutral,0.3056
,neutral,neutral,0.5876
,neutral,surprise,0.4739
,neutral,sad,0.3354
,neutral,neutral,0.4439
,neutral,neutral,0.2941
,neutral,neutral,0.2748
,neutral,neutral,0.4622
,neutral,neutral,0.5477
,neutral,neutral,0.5602
,neutral,neutral,0.5259
,neutral,neutral,0.359
,neutral,neutral,0.4836
,neutral,neutral,0.3876
,neutral,neutral,0.3159
,neutral,sad,0.3801
,neutral,neutral,0.3991
,neutral,sad,0.2562
,neutral,neutral,0.355
,neutral,neutral,0.4249
,neutral,disgust,0.2871
,neutral,neutral,0.6113
,neutral,sad,0.2361
,neutral,neutral,0.3288
,neutral,neutral,0.5064
,neutral,happy,0.3114
,neutral,neutral,0.7018
,neutral,angry,0.3924
,neutral,neutral,0.6174
,neutral,angry,0.3443
,neutral,neutral,0.4499
,neutral,sad,0.428
,neutral,neutral,0.4869
,neutral,neutral,0.5331
,neutral,neutral,0.4443
,neutral,neutral,0.3935
,neutral,fear,0.455
,neutral,sad,0.5208
,neutral,neutral,0.6344
,neutral,angry,0.3445
,neutral,happy,0.5431
,neutral,angry,0.3568
,neutral,neutral,0.2545
,neutral,happy,0.3894
,neutral,neutral,0.6043
,neutral,neutral,0.6007
,neutral,neutral,0.3136
,neutral,neutral,0.2482
,neutral,happy,0.4455
,neutral,neutral,0.4749
,neutral,neutral,0.5655
,neutral,neutral,0.2387
,neutral,neutral,0.7671
,neutral,fear,0.3513
,neutral,neutral,0.4425
,neutral,neutral,0.3602
,neutral,neutral,0.4246
,neutral,neutral,0.5857
,neutral,surprise,0.3053
,neutral,sad,0.3048
,neutral,neutral,0.498
,neutral,neutral,0.604
,neutral,neutral,0.577
,neutral,neutral,0.9504
,neutral,angry,0.3158
,neutral,neutral,0.6204
,neutral,neutral,0.3075
,neutral,neutral,0.378
,neutral,angry,0.3293
,neutral,fear,0.6145
,neutral,sad,0.3847
,neutral,happy,0.5231
,neutral,neutral,0.3395
,neutral,neutral,0.9238
,neutral,neutral,0.3157
,neutral,fear,0.2714
,neutral,sad,0.4286
,neutral,neutral,0.6579
,neutral,neutral,0.6794
,neutral,neutral,0.356
,neutral,neutral,0.8402
,neutral,angry,0.3297
,neutral,neutral,0.3002
,neutral,neutral,0.4612
,neutral,neutral,0.445
,neutral,neutral,0.7481
,neutral,sad,0.3375
,neutral,angry,0.2618
,neutral,angry,0.2843
,neutral,sad,0.3906
,neutral,neutral,0.3078
,neutral,angry,0.3428
,neutral,happy,0.3935
,neutral,angry,0.406
,neutral,fear,0.343
,neutral,neutral,0.3256
,neutral,neutral,0.3289
,neutral,angry,0.3724
,neutral,fear,0.3097
,neutral,angry,0.3612
,neutral,neutral,0.2651
,neutral,neutral,0.3008
,neutral,neutral,0.6416
,neutral,happy,0.5892
,neutral,fear,0.2742
,neutral,angry,0.4293
,neutral,neutral,0.3893
,neutral,fear,0.4242
,neutral,sad,0.2269
,neutral,angry,0.3246
,neutral,happy,0.2946
,neutral,neutral,0.4082
,neutral,disgust,0.3841
,neutral,neutral,0.4458
,neutral,neutral,0.2395
,neutral,surprise,0.2507
,neutral,happy,0.8631
,neutral,neutral,0.2792
,neutral,neutral,0.3784
,neutral,neutral,0.3857
,neutral,neutral,0.4033
,neutral,neutral,0.5498
,neutral,neutral,0.2885
,neutral,fear,0.3334
,neutral,angry,0.2483
,neutral,sad,0.2989
,neutral,neutral,0.2332
,neutral,angry,0.2412
,neutral,neutral,0.2849
,neutral,sad,0.3041
,neutral,angry,0.3946
,neutral,neutral,0.5136
,neutral,neutral,0.2767
,neutral,neutral,0.7651
,neutral,neutral,0.3207
,neutral,sad,0.3843
,neutral,neutral,0.6935
,neutral,neutral,0.9242
,neutral,neutral,0.3323
,neutral,neutral,0.9262
,neutral,neutral,0.4479
,neutral,neutral,0.4533
,neutral,fear,0.4078
,neutral,neutral,0.5256
,neutral,neutral,0.323
,neutral,neutral,0.6495
,neutral,neutral,0.6626
,neutral,neutral,0.471
,neutral,neutral,0.8699
,neutral,surprise,0.3646
,neutral,neutral,0.5014
,neutral,angry,0.3424
,neutral,neutral,0.5847
,neutral,neutral,0.7032
,neutral,neutral,0.7998
,neutral,neutral,0.3594
,neutral,surprise,0.3853
,neutral,angry,0.3109
,neutral,neutral,0.8086
,neutral,happy,0.3227
,neutral,angry,0.3815
,neutral,neutral,0.1992
,neutral,sad,0.3171
,neutral,neutral,0.5147
,neutral,sad,0.5328
,neutral,neutral,0.3521
,neutral,happy,0.6508
,neutral,neutral,0.5034
,neutral,happy,0.5392
,neutral,neutral,0.494
,neutral,neutral,0.9462
,neutral,neutral,0.4683
,neutral,neutral,0.5216
,neutral,neutral,0.3225
,neutral,neutral,0.5359
,neutral,fear,0.4992
,neutral,neutral,0.4589
,neutral,neutral,0.8672
,neutral,neutral,0.3286
,neutral,neutral,0.4709
,neutral,neutral,0.3013
,neutral,neutral,0.3013
,neutral,neutral,0.358
,neutral,happy,0.3623
,neutral,surprise,0.3204
,neutral,surprise,0.3102
,neutral,neutral,0.4769
,neutral,neutral,0.7435
,neutral,neutral,0.5995
,neutral,neutral,0.6326
,neutral,neutral,0.4967
,neutral,surprise,0.3274
,neutral,sad,0.5084
,neutral,neutral,0.5346
,neutral,neutral,0.4665
,neutral,neutral,0.591
,neutral,neutral,0.464
,neutral,neutral,0.3559
,neutral,happy,0.6783
,neutral,neutral,0.7136
,neutral,angry,0.2696
,neutral,neutral,0.5838
,neutral,neutral,0.4253
,neutral,neutral,0.3181
,neutral,neutral,0.2621
,neutral,fear,0.4084
,neutral,fear,0.4814
,neutral,neutral,0.6725
,neutral,neutral,0.5762
,neutral,neutral,0.8888
,neutral,neutral,0.5308
,neutral,sad,0.3219
,neutral,angry,0.2452
,neutral,neutral,0.3841
,neutral,angry,0.3093
,neutral,surprise,0.5021
,neutral,neutral,0.4852
,neutral,happy,0.2717
,neutral,neutral,0.306
,neutral,neutral,0.3829
,neutral,neutral,0.5348
,neutral,happy,0.6921
,neutral,sad,0.3264
,neutral,neutral,0.4184
,neutral,sad,0.3097
,neutral,sad,0.2876
,neutral,neutral,0.751
,neutral,neutral,0.4785
,neutral,surprise,0.734
,neutral,neutral,0.3587
,neutral,sad,0.2349
,neutral,neutral,0.6004
,neutral,neutral,0.4738
,neutral,fear,0.3533
,neutral,neutral,0.3957
,neutral,angry,0.2594
,neutral,surprise,0.2191
,neutral,fear,0.374
,neutral,neutral,0.3735
,neutral,angry,0.2132
,neutral,neutral,0.3977
,neutral,neutral,0.571
,neutral,neutral,0.4117
,neutral,neutral,0.3385
,neutral,neutral,0.511
,neutral,fear,0.3284
,neutral,neutral,0.819
,neutral,fear,0.4004
,neutral,sad,0.2738
,neutral,fear,0.3431
,neutral,neutral,0.7372
,neutral,neutral,0.3469
,neutral,fear,0.3047
,neutral,neutral,0.452
,neutral,neutral,0.7013
,neutral,neutral,0.4501
,neutral,surprise,0.5833
,neutral,neutral,0.4875
,neutral,surprise,0.4393
,neutral,happy,0.4567
,neutral,neutral,0.2937
,neutral,angry,0.2701
,neutral,neutral,0.3981
,neutral,neutral,0.9578
,neutral,neutral,0.4166
,neutral,neutral,0.4823
,neutral,angry,0.387
,neutral,neutral,0.8004
,neutral,neutral,0.4814
,neutral,neutral,0.4222
,neutral,neutral,0.6728
,neutral,neutral,0.7102
,neutral,happy,0.3793
,neutral,neutral,0.248
,neutral,sad,0.3827
,neutral,surprise,0.3364
,neutral,neutral,0.6809
,neutral,neutral,0.4491
,neutral,neutral,0.4946
,neutral,neutral,0.4574
,neutral,happy,0.3349
,neutral,fear,0.3676
,neutral,neutral,0.6683
,neutral,sad,0.338
,neutral,neutral,0.7626
,neutral,neutral,0.524
,neutral,happy,0.7295
,neutral,happy,0.4979
,neutral,neutral,0.4048
,neutral,angry,0.4088
,neutral,surprise,0.3436
,neutral,neutral,0.3139
,neutral,neutral,0.8941
,neutral,neutral,0.379
,neutral,neutral,0.398
,neutral,happy,0.4549
,neutral,sad,0.4645
,neutral,surprise,0.4574
,neutral,sad,0.6089
,neutral,neutral,0.5275
,neutral,neutral,0.2996
,neutral,neutral,0.3907
,neutral,sad,0.3973
,neutral,neutral,0.3919
,neutral,neutral,0.7852
,neutral,fear,0.3955
,neutral,neutral,0.7237
,neutral,happy,0.4889
,neutral,angry,0.351
,neutral,happy,0.3724
,neutral,neutral,0.4861
,neutral,fear,0.3828
,neutral,disgust,0.5574
,neutral,neutral,0.2994
,neutral,neutral,0.5444
,neutral,happy,0.3203
,neutral,neutral,0.3262
,neutral,neutral,0.9256
,neutral,fear,0.3034
,neutral,neutral,0.7855
,neutral,neutral,0.6886
,neutral,neutral,0.44
,neutral,neutral,0.3114
,neutral,happy,0.5564
,neutral,angry,0.3104
,neutral,surprise,0.3735
,neutral,angry,0.2706
,neutral,neutral,0.519
,neutral,neutral,0.4572
,neutral,neutral,0.2809
,neutral,sad,0.4307
,neutral,fear,0.5367
,neutral,sad,0.2725
,neutral,neutral,0.4243
,neutral,neutral,0.4282
,neutral,neutral,0.3299
,neutral,sad,0.2695
,neutral,angry,0.3647
,neutral,neutral,0.3797
,neutral,surprise,0.8264
,neutral,disgust,0.3113
,neutral,fear,0.4552
,neutral,neutral,0.4314
,neutral,neutral,0.4255
,neutral,neutral,0.2292
,neutral,neutral,0.2724
,neutral,happy,0.366
,neutral,sad,0.4539
,neutral,fear,0.3314
,neutral,happy,0.4629
,neutral,neutral,0.5286
,neutral,neutral,0.5405
,neutral,sad,0.3885
,neutral,fear,0.2516
,neutral,neutral,0.4759
,neutral,neutral,0.4176
,neutral,neutral,0.5591
,neutral,surprise,0.3203
,neutral,surprise,0.2479
,neutral,neutral,0.3298
,neutral,fear,0.4382
,neutral,neutral,0.767
,neutral,neutral,0.3895
,neutral,neutral,0.5352
,neutral,neutral,0.4574
,neutral,neutral,0.6127
,neutral,neutral,0.355
,neutral,angry,0.2802
,neutral,neutral,0.5124
,neutral,angry,0.2435
,neutral,happy,0.4165
,neutral,neutral,0.5832
,neutral,neutral,0.3234
,neutral,neutral,0.4109
,neutral,happy,0.4271
,neutral,sad,0.278
,neutral,neutral,0.5347
,neutral,disgust,0.4381
,neutral,angry,0.277
,neutral,neutral,0.5034
,neutral,sad,0.3564
,neutral,disgust,0.3455
,neutral,neutral,0.4758
,neutral,neutral,0.4444
,neutral,surprise,0.311
,neutral,angry,0.3064
,neutral,surprise,0.2767
,neutral,sad,0.4709
,neutral,sad,0.3372
,neutral,happy,0.3709
,neutral,neutral,0.3241
,neutral,neutral,0.4663
,neutral,happy,0.4313
,neutral,neutral,0.5537
,neutral,neutral,0.329
,neutral,neutral,0.8861
,neutral,angry,0.2249
,neutral,fear,0.4203
,neutral,neutral,0.4249
,neutral,happy,0.256
,neutral,angry,0.2916
,neutral,neutral,0.2397
,neutral,neutral,0.4197
,neutral,neutral,0.5297
,neutral,neutral,0.4639
,neutral,neutral,0.39
,neutral,angry,0.5999
,neutral,neutral,0.6185
,neutral,sad,0.3482
,neutral,neutral,0.6968
,neutral,surprise,0.2881
,neutral,neutral,0.4043
,neutral,neutral,0.7845
,neutral,neutral,0.4947
,neutral,sad,0.2922
,neutral,neutral,0.3717
,neutral,neutral,0.423
,neutral,fear,0.4562
,neutral,neutral,0.5366
,neutral,neutral,0.4562
,neutral,neutral,0.5456
,neutral,neutral,0.6755
,neutral,fear,0.5259
,neutral,neutral,0.7405
,neutral,angry,0.2282
,neutral,fear,0.2308
,neutral,neutral,0.4709
,neutral,neutral,0.3145
,neutral,angry,0.3126
,neutral,neutral,0.6
,neutral,surprise,0.2516
,neutral,happy,0.267
,neutral,neutral,0.4232
,neutral,neutral,0.4767
,neutral,sad,0.478
,neutral,angry,0.495
,neutral,neutral,0.5155
,neutral,neutral,0.5983
,neutral,neutral,0.4259
,neutral,neutral,0.2093
,neutral,neutral,0.246
,neutral,neutral,0.4621
,neutral,neutral,0.6298
,neutral,disgust,0.5303
,neutral,neutral,0.5352
,neutral,neutral,0.4892
,neutral,surprise,0.3376
,neutral,happy,0.2416
,neutral,neutral,0.6218
,neutral,surprise,0.5444
,neutral,neutral,0.4929
,neutral,neutral,0.4539
,neutral,angry,0.3247
,neutral,fear,0.2953
,neutral,neutral,0.4536
,neutral,sad,0.5402
,neutral,happy,0.3654
,neutral,sad,0.326
,neutral,neutral,0.4375
,neutral,happy,0.6558
,neutral,neutral,0.4754
,neutral,neutral,0.8089
,neutral,sad,0.4847
,neutral,sad,0.4188
,neutral,neutral,0.4513
,neutral,neutral,0.5312
,neutral,angry,0.2822
,neutral,angry,0.3475
,neutral,neutral,0.3764
,neutral,sad,0.3266
,neutral,sad,0.4434
,neutral,sad,0.3246
,neutral,surprise,0.5873
,neutral,sad,0.4388
,neutral,neutral,0.3339
,neutral,neutral,0.3211
,neutral,sad,0.4018
,neutral,neutral,0.5977
,neutral,fear,0.2637
,neutral,surprise,0.552
,neutral,neutral,0.5195
,neutral,neutral,0.3913
,neutral,angry,0.4024
,neutral,neutral,0.6033
,neutral,neutral,0.6206
,neutral,neutral,0.8266
,neutral,neutral,0.2806
,neutral,happy,0.2493
,neutral,neutral,0.4532
,neutral,neutral,0.9121
,neutral,neutral,0.2524
,neutral,neutral,0.4726
,neutral,neutral,0.7576
,neutral,sad,0.3407
,neutral,neutral,0.9192
,neutral,sad,0.4051
,neutral,angry,0.2821
,neutral,sad,0.2864
,neutral,sad,0.4293
,neutral,sad,0.4156
,neutral,sad,0.2917
,neutral,neutral,0.601
,neutral,disgust,0.3506
,neutral,neutral,0.466
,neutral,neutral,0.4492
,neutral,neutral,0.4032
,neutral,neutral,0.3448
,neutral,surprise,0.5731
,neutral,happy,0.4216
,neutral,fear,0.6944
,neutral,sad,0.2889
,neutral,happy,0.3615
,neutral,happy,0.3518
,neutral,neutral,0.8148
,neutral,neutral,0.4277
,neutral,neutral,0.6779
,neutral,happy,0.5223
,neutral,angry,0.3335
,neutral,neutral,0.3415
,neutral,sad,0.6219
,neutral,happy,0.2593
,neutral,neutral,0.4094
,neutral,neutral,0.3453
,neutral,neutral,0.6544
,neutral,neutral,0.4123
,neutral,neutral,0.7337
,neutral,neutral,0.4261
,neutral,neutral,0.5056
,neutral,disgust,0.1862
,neutral,neutral,0.4725
,neutral,fear,0.2864
,neutral,sad,0.4263
,neutral,neutral,0.4567
,neutral,neutral,0.4666
,neutral,fear,0.423
,neutral,neutral,0.4481
,neutral,surprise,0.6596
,neutral,neutral,0.5584
,neutral,neutral,0.7043
,neutral,surprise,0.2864
,neutral,angry,0.3084
,neutral,neutral,0.4902
,neutral,neutral,0.6284
,neutral,disgust,0.286
,neutral,surprise,0.7599
,neutral,neutral,0.475
,neutral,fear,0.4988
,neutral,neutral,0.5432
,neutral,sad,0.3245
,neutral,neutral,0.8156
,neutral,angry,0.3979
,neutral,neutral,0.5776
,neutral,neutral,0.4344
,neutral,sad,0.4555
,neutral,neutral,0.6797
,neutral,neutral,0.2908
,neutral,surprise,0.815
,neutral,neutral,0.4746
,neutral,sad,0.5411
,neutral,fear,0.5338
,neutral,surprise,0.3311
,neutral,neutral,0.4779
,neutral,neutral,0.5211
,neutral,neutral,0.3372
,neutral,neutral,0.7994
,neutral,sad,0.526
,neutral,angry,0.3233
,neutral,neutral,0.4353
,neutral,angry,0.6924
,neutral,neutral,0.4638
,neutral,neutral,0.5853
,neutral,neutral,0.6859
,neutral,neutral,0.4434
,neutral,happy,0.3245
,neutral,neutral,0.86
,neutral,neutral,0.5195
,neutral,sad,0.5315
,neutral,neutral,0.3681
,neutral,surprise,0.221
,neutral,neutral,0.9428
,neutral,neutral,0.3878
,neutral,neutral,0.5135
,neutral,neutral,0.7609
,neutral,neutral,0.4119
,neutral,sad,0.3899
,neutral,neutral,0.7861
,neutral,neutral,0.4776
,neutral,angry,0.2454
,neutral,neutral,0.2516
,neutral,happy,0.6783
,neutral,angry,0.3172
,neutral,neutral,0.4041
,neutral,angry,0.3626
,neutral,neutral,0.5025
,neutral,neutral,0.4039
,neutral,sad,0.2058
,neutral,neutral,0.3056
,neutral,fear,0.3453
,neutral,neutral,0.4889
,neutral,neutral,0.4602
,neutral,surprise,0.6307
,neutral,neutral,0.4545
,neutral,angry,0.4076
,neutral,neutral,0.5397
,neutral,neutral,0.6541
,neutral,sad,0.3322
,neutral,neutral,0.2969
,neutral,sad,0.4416
,neutral,neutral,0.2666
,neutral,sad,0.2757
,neutral,neutral,0.4835
,neutral,happy,0.3253
,neutral,angry,0.2851
,neutral,neutral,0.6691
,neutral,sad,0.2899
,neutral,neutral,0.3485
,neutral,neutral,0.4339
,neutral,surprise,0.4463
,neutral,neutral,0.3332
,neutral,neutral,0.6851
,neutral,happy,0.4302
,neutral,surprise,0.9104
,neutral,neutral,0.434
,neutral,neutral,0.7961
,neutral,neutral,0.3152
,neutral,sad,0.2459
,neutral,neutral,0.4662
,neutral,neutral,0.335
,neutral,sad,0.5125
,neutral,neutral,0.5967
,neutral,disgust,0.4124
,neutral,angry,0.3191
,neutral,neutral,0.7587
,neutral,sad,0.4613
,neutral,neutral,0.3747
,neutral,happy,0.3606
,neutral,happy,0.9477
,neutral,sad,0.3588
,neutral,angry,0.3505
,neutral,neutral,0.8841
,neutral,happy,0.6497
,neutral,neutral,0.5733
,neutral,neutral,0.8894
,neutral,happy,0.5304
,neutral,surprise,0.3073
,neutral,neutral,0.5803
,neutral,neutral,0.3301
,neutral,neutral,0.5009
,neutral,neutral,0.5227
,neutral,angry,0.36
,neutral,surprise,0.2713
,neutral,neutral,0.9398
,neutral,neutral,0.3592
,neutral,sad,0.6061
,neutral,neutral,0.3022
,neutral,angry,0.7161
,neutral,neutral,0.3855
,neutral,neutral,0.5179
,neutral,fear,0.3009
,neutral,neutral,0.5209
,neutral,sad,0.3361
,neutral,neutral,0.2601
,neutral,happy,0.2703
,neutral,neutral,0.5557
,neutral,neutral,0.3877
,neutral,fear,0.3519
,neutral,happy,0.3466
,neutral,neutral,0.4198
,neutral,neutral,0.8432
,neutral,neutral,0.4445
,neutral,surprise,0.7501
,neutral,neutral,0.9436
,neutral,fear,0.3991
,neutral,sad,0.3834
,neutral,sad,0.3316
,neutral,angry,0.444
,neutral,neutral,0.2998
,neutral,neutral,0.4229
,neutral,neutral,0.3402
,neutral,neutral,0.6974
,neutral,neutral,0.7161
,neutral,happy,0.566
,neutral,sad,0.4327
,neutral,neutral,0.3573
,neutral,surprise,0.3929
,neutral,neutral,0.5867
,neutral,happy,0.4218
,neutral,happy,0.2669
,neutral,disgust,0.3709
,neutral,neutral,0.5956
,neutral,neutral,0.446
,neutral,happy,0.3435
,neutral,fear,0.2211
,neutral,neutral,0.4919
,neutral,neutral,0.7605
,neutral,sad,0.3988
,neutral,neutral,0.8221
,neutral,neutral,0.4096
,neutral,surprise,0.4973
,neutral,neutral,0.7129
,neutral,neutral,0.4559
,neutral,angry,0.4339
,neutral,angry,0.4076
,neutral,neutral,0.3662
,neutral,happy,0.375
,neutral,sad,0.4531
,neutral,neutral,0.352
,neutral,happy,0.5647
,neutral,neutral,0.4936
,neutral,neutral,0.3617
,neutral,sad,0.5337
,neutral,neutral,0.5785
,neutral,happy,0.2682
,neutral,neutral,0.6447
,neutral,neutral,0.5607
,neutral,neutral,0.3353
,neutral,neutral,0.3499
,neutral,happy,0.5289
,neutral,neutral,0.4513
,neutral,neutral,0.3467
,neutral,angry,0.7466
,neutral,sad,0.3101
,neutral,neutral,0.3594
,neutral,neutral,0.772
,neutral,neutral,0.9177
,neutral,neutral,0.4418
,neutral,neutral,0.4609
,neutral,sad,0.3753
,neutral,fear,0.2961
,neutral,neutral,0.5286
,neutral,fear,0.4392
,neutral,sad,0.4469
,neutral,neutral,0.4096
,neutral,neutral,0.4599
,neutral,happy,0.3215
,neutral,neutral,0.4758
,neutral,neutral,0.4918
,neutral,neutral,0.5987
,neutral,neutral,0.4523
,neutral,neutral,0.374
,neutral,neutral,0.4043
,neutral,neutral,0.4131
,neutral,sad,0.297
,neutral,neutral,0.6993
,neutral,neutral,0.4036
,neutral,neutral,0.6882
,neutral,sad,0.3527
,neutral,happy,0.5327
,neutral,happy,0.406
,neutral,sad,0.4695
,neutral,neutral,0.2145
,neutral,neutral,0.4362
,neutral,neutral,0.4702
,neutral,neutral,0.4672
,neutral,neutral,0.7348
,neutral,neutral,0.2756
,neutral,neutral,0.488
,neutral,angry,0.2349
,neutral,sad,0.4137
,neutral,neutral,0.6428
,neutral,angry,0.3041
,neutral,neutral,0.7951
,neutral,fear,0.3204
,neutral,neutral,0.3845
,neutral,angry,0.1972
,neutral,neutral,0.616
,neutral,happy,0.4694
,neutral,happy,0.3223
,neutral,neutral,0.5919
,neutral,disgust,0.5188
,neutral,neutral,0.8004
,neutral,sad,0.2429
,neutral,neutral,0.5556
,neutral,neutral,0.3292
,neutral,happy,0.4419
,neutral,neutral,0.4967
,neutral,neutral,0.3406
,neutral,neutral,0.7428
,neutral,surprise,0.9298
,neutral,neutral,0.3849
,neutral,neutral,0.3636
,neutral,sad,0.5192
,neutral,neutral,0.4474
,neutral,neutral,0.5386
,neutral,neutral,0.7397
,neutral,fear,0.3943
,neutral,angry,0.313
,neutral,angry,0.2906
,neutral,neutral,0.5044
,neutral,neutral,0.5911
,neutral,neutral,0.6767
,neutral,neutral,0.4199
,neutral,sad,0.534
,neutral,angry,0.3
,neutral,sad,0.2957
,neutral,neutral,0.3658
,neutral,happy,0.3052
,neutral,fear,0.4251
,neutral,fear,0.2608
,neutral,sad,0.3395
,neutral,fear,0.3333
,neutral,neutral,0.3579
,neutral,neutral,0.3167
,neutral,neutral,0.5433
,neutral,neutral,0.898
,neutral,happy,0.4717
,neutral,happy,0.2614
,neutral,neutral,0.2831
,neutral,disgust,0.4445
,neutral,neutral,0.7205
,neutral,sad,0.4352
,neutral,neutral,0.4539
,neutral,neutral,0.4766
,neutral,neutral,0.3657
,neutral,neutral,0.3877
,neutral,happy,0.3484
,neutral,neutral,0.4739
,neutral,angry,0.2971
,neutral,neutral,0.6203
,neutral,neutral,0.5049
,neutral,neutral,0.3261
,neutral,fear,0.549
,neutral,neutral,0.5176
,neutral,angry,0.27
,neutral,neutral,0.3559
,neutral,neutral,0.2629
,neutral,neutral,0.825
,neutral,neutral,0.6401
,neutral,neutral,0.5423
,neutral,neutral,0.5475
,neutral,angry,0.2489
,neutral,surprise,0.4461
,neutral,fear,0.3524
,neutral,fear,0.266
,neutral,neutral,0.7259
,neutral,happy,0.2861
,neutral,neutral,0.5628
,neutral,neutral,0.285
,neutral,neutral,0.762
,neutral,fear,0.561
,neutral,angry,0.3064
,neutral,neutral,0.3695
,neutral,neutral,0.4238
,neutral,sad,0.3749
,neutral,neutral,0.6312
,neutral,neutral,0.8834
,neutral,neutral,0.3482
,neutral,surprise,0.4295
,neutral,happy,0.6243
,neutral,angry,0.4819
,neutral,neutral,0.3825
,neutral,fear,0.2623
,neutral,neutral,0.6036
,neutral,neutral,0.7144
,neutral,neutral,0.2797
,neutral,surprise,0.4075
,neutral,neutral,0.8906
,neutral,neutral,0.4649
,neutral,happy,0.405
,neutral,sad,0.4403
,neutral,angry,0.2738
,neutral,happy,0.4343
,neutral,neutral,0.2975
,neutral,neutral,0.4805
,neutral,happy,0.4443
,neutral,neutral,0.3636
,neutral,happy,0.3937
,neutral,happy,0.6898
,neutral,sad,0.4161
,neutral,neutral,0.264
,neutral,angry,0.3626
,neutral,neutral,0.4822
,neutral,surprise,0.4238
,neutral,neutral,0.2466
,neutral,surprise,0.2211
,neutral,neutral,0.5482
,neutral,neutral,0.4174
,neutral,neutral,0.6987
,neutral,neutral,0.5982
,neutral,neutral,0.4984
,neutral,neutral,0.2597
,neutral,neutral,0.9536
,neutral,sad,0.3963
,neutral,neutral,0.3799
,neutral,angry,0.2437
,neutral,neutral,0.6522
,neutral,angry,0.2202
,neutral,fear,0.2474
,neutral,surprise,0.3691
,neutral,neutral,0.5202
,neutral,neutral,0.4071
,neutral,happy,0.2677
,neutral,neutral,0.3649
,neutral,neutral,0.3457
,neutral,angry,0.4334
,neutral,neutral,0.3947
,neutral,neutral,0.4651
,neutral,neutral,0.5549
,neutral,neutral,0.3071
,neutral,surprise,0.5688
,neutral,sad,0.3357
,neutral,neutral,0.8287
,neutral,neutral,0.6045
,neutral,neutral,0.3511
,neutral,happy,0.3491
,neutral,happy,0.3595
,neutral,surprise,0.4325
,neutral,angry,0.4167
,neutral,fear,0.3008
,neutral,fear,0.3308
,neutral,surprise,0.3941
,neutral,neutral,0.4318
,sad,angry,0.3039
,sad,sad,0.27
,sad,surprise,0.7604
,sad,sad,0.5102
,sad,fear,0.4886
,sad,sad,0.3745
,sad,disgust,0.6744
,sad,angry,0.2271
,sad,neutral,0.6875
,sad,sad,0.3173
,sad,sad,0.2311
,sad,angry,0.5689
,sad,sad,0.2895
,sad,neutral,0.7621
,sad,sad,0.4449
,sad,fear,0.3257
,sad,sad,0.3592
,sad,neutral,0.2946
,sad,angry,0.3426
,sad,sad,0.3359
,sad,sad,0.4296
,sad,fear,0.3624
,sad,disgust,0.3129
,sad,sad,0.3049
,sad,sad,0.4085
,sad,neutral,0.294
,sad,happy,0.373
,sad,happy,0.4763
,sad,sad,0.4766
,sad,neutral,0.271
,sad,neutral,0.2928
,sad,disgust,0.3949
,sad,sad,0.496
,sad,angry,0.3247
,sad,sad,0.4512
,sad,fear,0.2913
,sad,neutral,0.4144
,sad,neutral,0.5088
,sad,sad,0.6124
,sad,neutral,0.3026
,sad,sad,0.45
,sad,sad,0.3555
,sad,fear,0.422
,sad,sad,0.3786
,sad,fear,0.7917
,sad,fear,0.2552
,sad,sad,0.4096
,sad,neutral,0.3412
,sad,happy,0.5609
,sad,surprise,0.3744
,sad,sad,0.3184
,sad,angry,0.2804
,sad,fear,0.5027
,sad,neutral,0.2501
,sad,happy,0.4654
,sad,angry,0.5381
,sad,surprise,0.3019
,sad,angry,0.2893
,sad,neutral,0.7736
,sad,neutral,0.4817
,sad,neutral,0.5288
,sad,fear,0.4128
,sad,sad,0.2726
,sad,happy,0.5102
,sad,fear,0.2975
,sad,neutral,0.3375
,sad,angry,0.4284
,sad,angry,0.4283
,sad,sad,0.305
,sad,fear,0.423
,sad,sad,0.2931
,sad,neutral,0.3068
,sad,happy,0.443
,sad,surprise,0.4496
,sad,sad,0.3811
,sad,happy,0.5504
,sad,angry,0.5546
,sad,sad,0.311
,sad,angry,0.4663
,sad,neutral,0.4227
,sad,disgust,0.3831
,sad,sad,0.4342
,sad,surprise,0.2835
,sad,neutral,0.4508
,sad,neutral,0.3958
,sad,sad,0.3607
,sad,sad,0.4173
,sad,sad,0.5984
,sad,fear,0.4235
,sad,sad,0.5652
,sad,angry,0.4284
,sad,fear,0.3544
,sad,neutral,0.3842
,sad,neutral,0.3361
,sad,sad,0.5374
,sad,neutral,0.2727
,sad,angry,0.4155
,sad,angry,0.2632
,sad,fear,0.2739
,sad,neutral,0.2789
,sad,surprise,0.5652
,sad,neutral,0.297
,sad,neutral,0.3914
,sad,surprise,0.3677
,sad,neutral,0.4801
,sad,sad,0.2736
,sad,sad,0.2792
,sad,sad,0.4317
,sad,sad,0.3763
,sad,sad,0.6276
,sad,angry,0.2875
,sad,surprise,0.4358
,sad,disgust,0.361
,sad,sad,0.3875
,sad,sad,0.3385
,sad,fear,0.281
,sad,angry,0.3331
,sad,fear,0.5656
,sad,sad,0.6163
,sad,happy,0.3745
,sad,disgust,0.3195
,sad,sad,0.4714
,sad,fear,0.2512
,sad,sad,0.4242
,sad,neutral,0.3261
,sad,surprise,0.476
,sad,sad,0.4327
,sad,sad,0.4056
,sad,neutral,0.4725
,sad,neutral,0.6478
,sad,angry,0.3528
,sad,sad,0.2575
,sad,sad,0.4631
,sad,neutral,0.7803
,sad,neutral,0.3789
,sad,sad,0.3058
,sad,neutral,0.4039
,sad,fear,0.2729
,sad,neutral,0.741
,sad,sad,0.3012
,sad,sad,0.338
,sad,sad,0.4179
,sad,sad,0.3711
,sad,sad,0.4125
,sad,happy,0.7662
,sad,sad,0.5173
,sad,neutral,0.4212
,sad,happy,0.4483
,sad,sad,0.3441
,sad,sad,0.391
,sad,sad,0.3728
,sad,fear,0.2837
,sad,sad,0.5032
,sad,sad,0.3918
,sad,fear,0.2993
,sad,sad,0.3117
,sad,neutral,0.332
,sad,sad,0.3995
,sad,angry,0.2949
,sad,sad,0.5055
,sad,neutral,0.3284
,sad,happy,0.3839
,sad,sad,0.3599
,sad,fear,0.3347
,sad,neutral,0.5601
,sad,sad,0.4701
,sad,sad,0.3824
,sad,fear,0.3072
,sad,sad,0.5164
,sad,neutral,0.3877
,sad,sad,0.666
,sad,surprise,0.5244
,sad,sad,0.31
,sad,neutral,0.4357
,sad,neutral,0.5971
,sad,sad,0.3863
,sad,sad,0.3302
,sad,sad,0.3443
,sad,sad,0.4754
,sad,happy,0.2663
,sad,sad,0.4307
,sad,sad,0.3184
,sad,disgust,0.9142
,sad,fear,0.4931
,sad,neutral,0.3783
,sad,angry,0.313
,sad,sad,0.6825
,sad,fear,0.2696
,sad,angry,0.2514
,sad,neutral,0.3048
,sad,sad,0.8352
,sad,sad,0.5613
,sad,disgust,0.3582
,sad,angry,0.269
,sad,sad,0.5243
,sad,sad,0.3378
,sad,angry,0.2617
,sad,sad,0.3214
,sad,happy,0.5455
,sad,fear,0.2819
,sad,neutral,0.2632
,sad,sad,0.2573
,sad,happy,0.2667
,sad,disgust,0.7985
,sad,sad,0.3926
,sad,angry,0.3341
,sad,sad,0.3593
,sad,neutral,0.3912
,sad,happy,0.262
,sad,angry,0.2938
,sad,sad,0.4002
,sad,sad,0.5633
,sad,surprise,0.354
,sad,fear,0.4135
,sad,sad,0.4684
,sad,sad,0.6078
,sad,surprise,0.3346
,sad,sad,0.4613
,sad,sad,0.3243
,sad,sad,0.708
,sad,angry,0.4493
,sad,sad,0.4159
,sad,sad,0.3464
,sad,neutral,0.3032
,sad,neutral,0.4369
,sad,fear,0.4387
,sad,neutral,0.8615
,sad,fear,0.2618
,sad,sad,0.3809
,sad,happy,0.2688
,sad,sad,0.4188
,sad,angry,0.3227
,sad,neutral,0.3586
,sad,neutral,0.2625
,sad,happy,0.4918
,sad,neutral,0.2286
,sad,fear,0.3352
,sad,sad,0.288
,sad,sad,0.4637
,sad,sad,0.6381
,sad,happy,0.5422
,sad,sad,0.4375
,sad,sad,0.3979
,sad,angry,0.4853
,sad,angry,0.4931
,sad,neutral,0.383
,sad,angry,0.4229
,sad,fear,0.4502
,sad,happy,0.3494
,sad,angry,0.6862
,sad,angry,0.3084
,sad,sad,0.6314
,sad,fear,0.3911
,sad,sad,0.6945
,sad,sad,0.3099
,sad,neutral,0.33
,sad,happy,0.4557
,sad,sad,0.3206
,sad,sad,0.3529
,sad,neutral,0.5968
,sad,neutral,0.3589
,sad,disgust,0.432
,sad,neutral,0.2389
,sad,happy,0.4431
,sad,sad,0.2991
,sad,angry,0.3829
,sad,sad,0.3887
,sad,sad,0.4883
,sad,sad,0.2795
,sad,fear,0.3119
,sad,happy,0.4177
,sad,happy,0.3003
,sad,sad,0.7031
,sad,sad,0.7255
,sad,fear,0.3052
,sad,neutral,0.3333
,sad,angry,0.4302
,sad,sad,0.418
,sad,sad,0.5074
,sad,sad,0.5341
,sad,angry,0.2785
,sad,disgust,0.2482
,sad,sad,0.6612
,sad,happy,0.4047
,sad,happy,0.2696
,sad,sad,0.3926
,sad,neutral,0.3834
,sad,angry,0.3594
,sad,happy,0.6242
,sad,fear,0.4917
,sad,sad,0.3548
,sad,neutral,0.5458
,sad,sad,0.3893
,sad,sad,0.2845
,sad,sad,0.4904
,sad,surprise,0.7322
,sad,neutral,0.272
,sad,sad,0.3322
,sad,fear,0.3364
,sad,sad,0.2669
,sad,fear,0.3402
,sad,sad,0.311
,sad,happy,0.3718
,sad,sad,0.4038
,sad,disgust,0.3078
,sad,disgust,0.4874
,sad,neutral,0.3098
,sad,angry,0.2946
,sad,disgust,0.4484
,sad,sad,0.2711
,sad,angry,0.4525
,sad,sad,0.3379
,sad,neutral,0.3672
,sad,fear,0.703
,sad,sad,0.4211
,sad,fear,0.1994
,sad,fear,0.4306
,sad,fear,0.412
,sad,sad,0.2994
,sad,happy,0.3345
,sad,neutral,0.3483
,sad,fear,0.8998
,sad,angry,0.3518
,sad,sad,0.2945
,sad,sad,0.4589
,sad,neutral,0.2727
,sad,neutral,0.4509
,sad,fear,0.3603
,sad,fear,0.4458
,sad,angry,0.4127
,sad,sad,0.334
,sad,neutral,0.2929
,sad,sad,0.3028
,sad,happy,0.2863
,sad,disgust,0.2428
,sad,happy,0.5702
,sad,surprise,0.5592
,sad,neutral,0.5311
,sad,sad,0.2859
,sad,neutral,0.9833
,sad,angry,0.3086
,sad,fear,0.3257
,sad,sad,0.3609
,sad,fear,0.3597
,sad,fear,0.2342
,sad,disgust,0.3064
,sad,sad,0.5431
,sad,sad,0.4579
,sad,neutral,0.432
,sad,sad,0.4604
,sad,sad,0.5519
,sad,neutral,0.6242
,sad,fear,0.2713
,sad,happy,0.3828
,sad,fear,0.2836
,sad,disgust,0.3205
,sad,sad,0.3989
,sad,sad,0.4948
,sad,neutral,0.5898
,sad,angry,0.5824
,sad,angry,0.356
,sad,sad,0.6603
,sad,sad,0.7489
,sad,angry,0.3326
,sad,sad,0.318
,sad,angry,0.266
,sad,sad,0.4788
,sad,neutral,0.3794
,sad,sad,0.3868
,sad,neutral,0.4132
,sad,fear,0.3113
,sad,angry,0.3907
,sad,sad,0.3692
,sad,sad,0.5126
,sad,neutral,0.4509
,sad,sad,0.3546
,sad,fear,0.2538
,sad,happy,0.3159
,sad,angry,0.236
,sad,neutral,0.6004
,sad,sad,0.3742
,sad,sad,0.5932
,sad,neutral,0.4217
,sad,angry,0.3082
,sad,neutral,0.3395
,sad,happy,0.7839
,sad,sad,0.5574
,sad,fear,0.4341
,sad,angry,0.2646
,sad,neutral,0.2884
,sad,fear,0.6583
,sad,sad,0.3233
,sad,neutral,0.4143
,sad,angry,0.4948
,sad,fear,0.634
,sad,happy,0.5084
,sad,sad,0.3611
,sad,fear,0.2637
,sad,disgust,0.37
,sad,sad,0.4059
,sad,sad,0.3384
,sad,sad,0.3904
,sad,sad,0.2485
,sad,fear,0.4864
,sad,happy,0.3387
,sad,sad,0.5603
,sad,sad,0.4345
,sad,angry,0.3492
,sad,angry,0.2523
,sad,neutral,0.3563
,sad,neutral,0.4597
,sad,neutral,0.475
,sad,neutral,0.3744
,sad,happy,0.6196
,sad,disgust,0.3095
,sad,sad,0.4943
,sad,neutral,0.5064
,sad,happy,0.2973
,sad,sad,0.5106
,sad,fear,0.3746
,sad,happy,0.3425
,sad,sad,0.3596
,sad,sad,0.4057
,sad,surprise,0.388
,sad,sad,0.4244
,sad,sad,0.4382
,sad,angry,0.3766
,sad,neutral,0.3643
,sad,fear,0.2302
,sad,sad,0.5054
,sad,surprise,0.4212
,sad,neutral,0.4233
,sad,fear,0.3221
,sad,neutral,0.3573
,sad,fear,0.2694
,sad,sad,0.4415
,sad,angry,0.3138
,sad,sad,0.4127
,sad,neutral,0.6548
,sad,fear,0.2422
,sad,fear,0.4603
,sad,angry,0.2874
,sad,happy,0.2201
,sad,sad,0.3073
,sad,angry,0.3269
,sad,angry,0.421
,sad,sad,0.3523
,sad,sad,0.3803
,sad,sad,0.4495
,sad,sad,0.2931
,sad,sad,0.4986
,sad,happy,0.2958
,sad,angry,0.4409
,sad,disgust,0.3255
,sad,disgust,0.3852
,sad,sad,0.3972
,sad,happy,0.4577
,sad,sad,0.3181
,sad,neutral,0.5231
,sad,happy,0.5011
,sad,sad,0.2898
,sad,disgust,0.5646
,sad,angry,0.3159
,sad,neutral,0.4685
,sad,sad,0.6176
,sad,sad,0.613
,sad,neutral,0.4788
,sad,neutral,0.6882
,sad,sad,0.3751
,sad,neutral,0.6336
,sad,neutral,0.3743
,sad,sad,0.3835
,sad,happy,0.2447
,sad,sad,0.3268
,sad,happy,0.3182
,sad,surprise,0.4757
,sad,angry,0.3034
,sad,sad,0.4001
,sad,neutral,0.5641
,sad,angry,0.3451
,sad,disgust,0.2846
,sad,sad,0.5584
,sad,sad,0.4388
,sad,happy,0.338
,sad,neutral,0.4667
,sad,sad,0.392
,sad,neutral,0.4009
,sad,angry,0.3906
,sad,happy,0.2274
,sad,neutral,0.3043
,sad,sad,0.5402
,sad,sad,0.3836
,sad,neutral,0.3548
,sad,angry,0.3148
,sad,neutral,0.382
,sad,surprise,0.402
,sad,neutral,0.4953
,sad,sad,0.5702
,sad,angry,0.4583
,sad,angry,0.4207
,sad,happy,0.3882
,sad,fear,0.4271
,sad,sad,0.385
,sad,angry,0.3703
,sad,sad,0.352
,sad,sad,0.2735
,sad,angry,0.372
,sad,sad,0.4327
,sad,sad,0.4963
,sad,angry,0.375
,sad,happy,0.4549
,sad,sad,0.4481
,sad,sad,0.3905
,sad,neutral,0.3369
,sad,sad,0.3237
,sad,sad,0.4574
,sad,sad,0.3223
,sad,neutral,0.3442
,sad,sad,0.3553
,sad,sad,0.6324
,sad,sad,0.3463
,sad,angry,0.3192
,sad,neutral,0.4528
,sad,angry,0.3949
,sad,neutral,0.2524
,sad,neutral,0.5269
,sad,happy,0.3357
,sad,happy,0.4028
,sad,neutral,0.5398
,sad,happy,0.4362
,sad,sad,0.5589
,sad,angry,0.367
,sad,surprise,0.4694
,sad,sad,0.3496
,sad,sad,0.4129
,sad,neutral,0.3167
,sad,sad,0.3739
,sad,angry,0.323
,sad,angry,0.3777
,sad,surprise,0.3106
,sad,disgust,0.3092
,sad,neutral,0.2506
,sad,angry,0.3112
,sad,sad,0.3859
,sad,disgust,0.3339
,sad,neutral,0.461
,sad,sad,0.4905
,sad,neutral,0.271
,sad,happy,0.6094
,sad,angry,0.2863
,sad,neutral,0.6014
,sad,neutral,0.3221
,sad,angry,0.3169
,sad,fear,0.4086
,sad,happy,0.3035
,sad,sad,0.2501
,sad,sad,0.3761
,sad,fear,0.4775
,sad,sad,0.3774
,sad,happy,0.4322
,sad,fear,0.5033
,sad,happy,0.5411
,sad,neutral,0.4632
,sad,sad,0.3326
,sad,neutral,0.4236
,sad,neutral,0.3509
,sad,sad,0.2539
,sad,happy,0.4215
,sad,sad,0.457
,sad,sad,0.4268
,sad,sad,0.4164
,sad,angry,0.2734
,sad,sad,0.4303
,sad,sad,0.306
,sad,sad,0.4804
,sad,neutral,0.5961
,sad,happy,0.4934
,sad,angry,0.2984
,sad,happy,0.4388
,sad,neutral,0.3126
,sad,angry,0.2988
,sad,sad,0.4245
,sad,happy,0.3328
,sad,happy,0.3191
,sad,neutral,0.3414
,sad,sad,0.4488
,sad,angry,0.3685
,sad,sad,0.5765
,sad,happy,0.4369
,sad,sad,0.2902
,sad,sad,0.3609
,sad,neutral,0.4993
,sad,angry,0.6592
,sad,sad,0.3475
,sad,angry,0.3178
,sad,sad,0.6053
,sad,neutral,0.3621
,sad,sad,0.3497
,sad,neutral,0.3337
,sad,neutral,0.313
,sad,neutral,0.3332
,sad,sad,0.3419
,sad,sad,0.3491
,sad,sad,0.6129
,sad,sad,0.4192
,sad,sad,0.5882
,sad,fear,0.3276
,sad,sad,0.5006
,sad,fear,0.5908
,sad,happy,0.3814
,sad,angry,0.2862
,sad,sad,0.2562
,sad,angry,0.4587
,sad,sad,0.498
,sad,angry,0.583
,sad,sad,0.4313
,sad,fear,0.6055
,sad,neutral,0.2632
,sad,sad,0.294
,sad,sad,0.4582
,sad,sad,0.301
,sad,happy,0.4087
,sad,neutral,0.3226
,sad,happy,0.4787
,sad,sad,0.3661
,sad,angry,0.4227
,sad,sad,0.4987
,sad,angry,0.4227
,sad,angry,0.3075
,sad,angry,0.8322
,sad,happy,0.3105
,sad,angry,0.3138
,sad,disgust,0.3146
,sad,fear,0.3988
,sad,happy,0.3387
,sad,angry,0.2448
,sad,neutral,0.3648
,sad,sad,0.2497
,sad,surprise,0.6861
,sad,sad,0.4023
,sad,angry,0.3877
,sad,sad,0.3719
,sad,sad,0.3645
,sad,fear,0.3666
,sad,surprise,0.2671
,sad,fear,0.5002
,sad,sad,0.3671
,sad,sad,0.5235
,sad,sad,0.2769
,sad,surprise,0.4734
,sad,sad,0.5585
,sad,sad,0.5455
,sad,fear,0.4137
,sad,sad,0.4571
,sad,neutral,0.4946
,sad,sad,0.4589
,sad,fear,0.4429
,sad,happy,0.3682
,sad,happy,0.5168
,sad,sad,0.312
,sad,surprise,0.2815
,sad,angry,0.2953
,sad,fear,0.8162
,sad,neutral,0.4055
,sad,sad,0.3667
,sad,fear,0.3838
,sad,angry,0.2584
,sad,sad,0.2995
,sad,happy,0.3404
,sad,sad,0.6064
,sad,sad,0.346
,sad,fear,0.6611
,sad,neutral,0.3547
,sad,disgust,0.2361
,sad,neutral,0.4502
,sad,fear,0.4802
,sad,sad,0.3756
,sad,angry,0.2281
,sad,neutral,0.5514
,sad,disgust,0.2825
,sad,neutral,0.3193
,sad,sad,0.2864
,sad,angry,0.4563
,sad,angry,0.8437
,sad,angry,0.3384
,sad,neutral,0.3375
,sad,neutral,0.3191
,sad,sad,0.2603
,sad,surprise,0.4883
,sad,sad,0.5831
,sad,fear,0.2639
,sad,disgust,0.2924
,sad,neutral,0.397
,sad,surprise,0.329
,sad,fear,0.3029
,sad,sad,0.3505
,sad,fear,0.2515
,sad,sad,0.2513
,sad,sad,0.2521
,sad,surprise,0.5952
,sad,happy,0.3713
,sad,sad,0.7678
,sad,happy,0.8521
,sad,sad,0.4559
,sad,angry,0.4717
,sad,happy,0.4574
,sad,sad,0.7425
,sad,sad,0.6799
,sad,neutral,0.5911
,sad,sad,0.3429
,sad,sad,0.3602
,sad,fear,0.4937
,sad,sad,0.6801
,sad,fear,0.1972
,sad,angry,0.3066
,sad,sad,0.562
,sad,fear,0.5103
,sad,sad,0.6055
,sad,neutral,0.2602
,sad,neutral,0.4845
,sad,sad,0.4756
,sad,sad,0.5508
,sad,sad,0.4403
,sad,angry,0.2963
,sad,sad,0.3139
,sad,neutral,0.4195
,sad,fear,0.3716
,sad,angry,0.3847
,sad,fear,0.2916
,sad,sad,0.6481
,sad,neutral,0.3145
,sad,neutral,0.5371
,sad,sad,0.6007
,sad,happy,0.6669
,sad,sad,0.3591
,sad,neutral,0.5955
,sad,sad,0.3976
,sad,fear,0.5032
,sad,sad,0.4651
,sad,angry,0.4877
,sad,surprise,0.355
,sad,sad,0.6458
,sad,sad,0.384
,sad,neutral,0.3315
,sad,neutral,0.316
,sad,fear,0.9331
,sad,disgust,0.541
,sad,neutral,0.2926
,sad,happy,0.6399
,sad,angry,0.3314
,sad,neutral,0.5181
,sad,sad,0.3059
,sad,neutral,0.6192
,sad,sad,0.4482
,sad,neutral,0.6294
,sad,neutral,0.2988
,sad,sad,0.3654
,sad,sad,0.3338
,sad,neutral,0.1925
,sad,sad,0.3176
,sad,fear,0.4875
,sad,sad,0.4857
,sad,angry,0.3051
,sad,fear,0.243
,sad,sad,0.4055
,sad,fear,0.4344
,sad,neutral,0.5127
,sad,angry,0.2839
,sad,neutral,0.4269
,sad,neutral,0.4001
,sad,sad,0.4489
,sad,sad,0.3362
,sad,neutral,0.454
,sad,fear,0.4178
,sad,neutral,0.4348
,sad,neutral,0.4526
,sad,angry,0.5839
,sad,angry,0.191
,sad,sad,0.4464
,sad,surprise,0.9075
,sad,sad,0.4873
,sad,happy,0.7859
,sad,sad,0.5717
,sad,sad,0.3657
,sad,neutral,0.2556
,sad,neutral,0.4916
,sad,happy,0.6277
,sad,sad,0.4963
,sad,sad,0.4849
,sad,angry,0.3299
,sad,angry,0.6509
,sad,neutral,0.3168
,sad,fear,0.3039
,sad,fear,0.6822
,sad,sad,0.409
,sad,neutral,0.4803
,sad,sad,0.3696
,sad,sad,0.6534
,sad,sad,0.3333
,sad,sad,0.3841
,sad,sad,0.3484
,sad,sad,0.5498
,sad,neutral,0.3436
,sad,sad,0.4884
,sad,angry,0.4235
,sad,neutral,0.2656
,sad,fear,0.5337
,sad,sad,0.5671
,sad,neutral,0.3303
,sad,angry,0.242
,sad,sad,0.4277
,sad,angry,0.4022
,sad,sad,0.4588
,sad,angry,0.3634
,sad,surprise,0.2908
,sad,angry,0.5571
,sad,happy,0.4591
,sad,sad,0.4439
,sad,sad,0.4853
,sad,sad,0.3748
,sad,sad,0.4126
,sad,neutral,0.8044
,sad,neutral,0.2785
,sad,happy,0.3432
,sad,disgust,0.2727
,sad,angry,0.2489
,sad,angry,0.2963
,sad,neutral,0.3311
,sad,neutral,0.3635
,sad,neutral,0.4526
,sad,angry,0.501
,sad,surprise,0.2985
,sad,angry,0.5025
,sad,sad,0.4503
,sad,angry,0.3627
,sad,fear,0.3897
,sad,disgust,0.4266
,sad,happy,0.5453
,sad,neutral,0.3681
,sad,fear,0.4374
,sad,sad,0.4538
,sad,angry,0.5069
,sad,angry,0.467
,sad,angry,0.2309
,sad,neutral,0.2996
,sad,neutral,0.2405
,sad,neutral,0.4746
,sad,angry,0.2286
,sad,fear,0.2444
,sad,neutral,0.4035
,sad,surprise,0.6818
,sad,sad,0.3466
,sad,sad,0.4487
,sad,sad,0.7685
,sad,sad,0.6826
,sad,fear,0.4142
,sad,neutral,0.3721
,sad,neutral,0.4118
,sad,angry,0.3778
,sad,angry,0.4159
,sad,angry,0.3934
,sad,sad,0.4213
,sad,sad,0.3513
,sad,neutral,0.6236
,sad,disgust,0.5668
,sad,sad,0.2953
,sad,angry,0.3662
,sad,sad,0.4592
,sad,neutral,0.1978
,sad,happy,0.2926
,sad,angry,0.2943
,sad,surprise,0.4424
,sad,fear,0.6053
,sad,disgust,0.2863
,sad,neutral,0.3321
,sad,happy,0.4866
,sad,sad,0.4609
,sad,happy,0.4385
,sad,surprise,0.526
,sad,neutral,0.4772
,sad,surprise,0.391
,sad,fear,0.4803
,sad,fear,0.284
,sad,sad,0.352
,sad,fear,0.5851
,sad,sad,0.3496
,sad,fear,0.2688
,sad,neutral,0.5325
,sad,disgust,0.231
,sad,angry,0.2635
,sad,sad,0.2526
,sad,neutral,0.4605
,sad,sad,0.5338
,sad,sad,0.2855
,sad,sad,0.4376
,sad,sad,0.3156
,sad,neutral,0.4248
,sad,fear,0.2733
,sad,neutral,0.455
,sad,neutral,0.3486
,sad,neutral,0.3285
,sad,angry,0.3857
,sad,sad,0.4788
,sad,neutral,0.9384
,sad,neutral,0.5375
,sad,neutral,0.4695
,sad,sad,0.3204
,sad,fear,0.4078
,sad,angry,0.4229
,sad,sad,0.3484
,sad,fear,0.3285
,sad,sad,0.273
,sad,neutral,0.4186
,sad,sad,0.5656
,sad,neutral,0.4795
,sad,neutral,0.5807
,sad,fear,0.3301
,sad,sad,0.3868
,sad,sad,0.7495
,sad,surprise,0.3739
,sad,fear,0.2985
,sad,sad,0.4031
,sad,neutral,0.4186
,sad,surprise,0.2631
,sad,disgust,0.3834
,sad,neutral,0.3721
,sad,neutral,0.4223
,sad,sad,0.4237
,sad,disgust,0.5516
,sad,disgust,0.4435
,sad,happy,0.7235
,sad,fear,0.372
,sad,neutral,0.5957
,sad,angry,0.3171
,sad,happy,0.2195
,sad,neutral,0.3342
,sad,fear,0.4256
,sad,happy,0.5178
,sad,neutral,0.3022
,sad,sad,0.6352
,sad,sad,0.4766
,sad,fear,0.4317
,sad,sad,0.3892
,sad,sad,0.4259
,sad,angry,0.2838
,sad,fear,0.4802
,sad,neutral,0.3919
,sad,happy,0.3119
,sad,happy,0.4571
,sad,neutral,0.3724
,sad,angry,0.2297
,sad,sad,0.7735
,sad,fear,0.3171
,sad,neutral,0.444
,sad,happy,0.3945
,sad,neutral,0.3172
,sad,sad,0.2774
,sad,neutral,0.2823
,sad,angry,0.4616
,sad,happy,0.4477
,sad,angry,0.3367
,sad,angry,0.6081
,sad,fear,0.2417
,sad,neutral,0.5814
,sad,angry,0.3507
,sad,sad,0.4283
,sad,disgust,0.6677
,sad,disgust,0.3356
,sad,angry,0.4413
,sad,angry,0.4014
,sad,sad,0.3308
,sad,sad,0.41
,sad,sad,0.5304
,sad,angry,0.3793
,sad,neutral,0.3765
,sad,sad,0.4345
,sad,neutral,0.466
,sad,neutral,0.367
,sad,neutral,0.2984
,sad,sad,0.3448
,sad,angry,0.4713
,sad,fear,0.2531
,sad,neutral,0.6884
,sad,angry,0.3738
,sad,sad,0.405
,sad,angry,0.7984
,sad,angry,0.239
,sad,fear,0.3273
,sad,angry,0.2637
,sad,neutral,0.3357
,sad,sad,0.7324
,sad,neutral,0.6236
,sad,angry,0.4031
,sad,angry,0.3041
,sad,happy,0.287
,sad,neutral,0.6211
,sad,angry,0.3681
,sad,disgust,0.2628
,sad,surprise,0.3576
,sad,disgust,0.3939
,sad,sad,0.2508
,sad,sad,0.5074
,sad,happy,0.2805
,sad,sad,0.5667
,sad,sad,0.4782
,sad,angry,0.3858
,sad,angry,0.3502
,sad,neutral,0.4417
,sad,sad,0.2936
,sad,angry,0.5573
,sad,fear,0.2801
,sad,sad,0.3661
,sad,sad,0.3132
,sad,angry,0.3028
,sad,happy,0.3512
,sad,sad,0.2302
,sad,neutral,0.2098
,sad,sad,0.6106
,sad,sad,0.3435
,sad,sad,0.2597
,sad,neutral,0.3867
,sad,sad,0.3398
,sad,fear,0.3398
,sad,happy,0.3271
,sad,sad,0.4241
,sad,fear,0.4908
,sad,sad,0.2905
,sad,angry,0.3874
,sad,angry,0.4004
,sad,fear,0.383
,sad,happy,0.3318
,sad,angry,0.3805
,sad,neutral,0.4747
,sad,angry,0.4005
,sad,angry,0.2891
,sad,fear,0.4242
,sad,happy,0.5948
,sad,neutral,0.4954
,sad,sad,0.5259
,sad,sad,0.5166
,sad,happy,0.325
,sad,neutral,0.2909
,sad,angry,0.3024
,sad,angry,0.3394
,sad,neutral,0.384
,sad,sad,0.5489
,sad,disgust,0.2346
,sad,neutral,0.3874
,sad,angry,0.2439
,sad,sad,0.2847
,sad,fear,0.2568
,sad,sad,0.3266
,sad,angry,0.7311
,sad,sad,0.5654
,sad,fear,0.3373
,sad,neutral,0.2749
,sad,fear,0.3126
,sad,neutral,0.2475
,sad,angry,0.316
,sad,neutral,0.4183
,sad,neutral,0.4697
,sad,surprise,0.4313
,sad,neutral,0.3771
,sad,sad,0.4524
,sad,sad,0.2197
,sad,sad,0.5129
,sad,disgust,0.3289
,sad,fear,0.4976
,sad,sad,0.527
,sad,sad,0.5839
,sad,fear,0.3232
,sad,sad,0.4661
,sad,angry,0.3059
,sad,fear,0.4342
,sad,sad,0.3885
,sad,fear,0.488
,sad,sad,0.4561
,sad,surprise,0.4397
,sad,neutral,0.3758
,sad,neutral,0.2856
,sad,fear,0.3917
,sad,sad,0.3357
,sad,neutral,0.345
,sad,angry,0.3803
,sad,sad,0.3201
,sad,happy,0.8712
,sad,sad,0.3742
,sad,angry,0.3978
,sad,happy,0.5183
,sad,sad,0.3096
,sad,angry,0.3188
,sad,surprise,0.4895
,sad,neutral,0.4469
,sad,angry,0.2815
,sad,sad,0.6245
,sad,sad,0.3154
,sad,disgust,0.5873
,sad,disgust,0.3855
,sad,fear,0.4094
,sad,sad,0.3027
,sad,sad,0.3434
,sad,neutral,0.5399
,sad,angry,0.3109
,sad,surprise,0.3674
,sad,sad,0.3287
,sad,angry,0.7528
,sad,sad,0.4229
,sad,happy,0.5186
,sad,surprise,0.5298
,sad,angry,0.3583
,sad,happy,0.7245
,sad,fear,0.4574
,sad,happy,0.2747
,sad,sad,0.3603
,sad,neutral,0.2838
,sad,angry,0.3542
,sad,angry,0.3164
,sad,sad,0.2981
,sad,neutral,0.2935
,sad,sad,0.6706
,sad,angry,0.3942
,sad,neutral,0.5863
,sad,angry,0.4279
,sad,angry,0.2359
,sad,neutral,0.5684
,sad,happy,0.2766
,sad,angry,0.416
,sad,sad,0.4417
,sad,sad,0.435
,sad,angry,0.3177
,sad,neutral,0.2438
,sad,neutral,0.2431
,sad,angry,0.7476
,sad,angry,0.3415
,sad,fear,0.2397
,sad,fear,0.348
,sad,angry,0.5281
,sad,neutral,0.2866
,sad,sad,0.4595
,sad,angry,0.387
,sad,fear,0.4009
,sad,disgust,0.3148
,sad,surprise,0.4438
,sad,disgust,0.3926
,sad,sad,0.3748
,sad,angry,0.4848
,sad,happy,0.6109
,sad,angry,0.2838
,sad,happy,0.2256
,sad,neutral,0.4883
,sad,neutral,0.5398
,sad,sad,0.5146
,sad,sad,0.3811
,sad,fear,0.439
,sad,sad,0.442
,sad,happy,0.438
,sad,neutral,0.2982
,sad,fear,0.3431
,sad,surprise,0.4706
,sad,sad,0.2694
,sad,sad,0.3273
,sad,happy,0.4069
,sad,fear,0.489
,sad,neutral,0.4001
,sad,surprise,0.4288
,sad,angry,0.321
,sad,angry,0.3585
,sad,neutral,0.4502
,sad,sad,0.2771
,sad,angry,0.4327
,sad,neutral,0.3196
,sad,sad,0.3339
,sad,sad,0.3157
,sad,sad,0.2831
,sad,neutral,0.3589
,sad,sad,0.4069
,sad,fear,0.2605
,sad,sad,0.5432
,sad,happy,0.3711
,sad,happy,0.3139
,sad,fear,0.3404
,sad,neutral,0.5042
,sad,sad,0.3932
,sad,neutral,0.2873
,sad,sad,0.476
,sad,angry,0.4003
,sad,sad,0.262
,sad,neutral,0.2913
,sad,fear,0.3295
,sad,disgust,0.4294
,sad,angry,0.6208
,sad,neutral,0.431
,sad,neutral,0.6371
,sad,fear,0.6343
,sad,happy,0.4575
,sad,neutral,0.5438
,sad,angry,0.452
,sad,neutral,0.5676
,sad,neutral,0.381
,sad,sad,0.4726
,sad,sad,0.419
,sad,surprise,0.5022
,sad,fear,0.454
,sad,sad,0.3853
,sad,disgust,0.2872
,sad,neutral,0.45
,sad,neutral,0.3823
,sad,neutral,0.5718
,sad,neutral,0.3269
,sad,happy,0.5873
,sad,happy,0.4642
,sad,fear,0.5278
,sad,sad,0.4495
,sad,sad,0.3541
,sad,sad,0.4659
,sad,sad,0.4275
,sad,fear,0.5257
,sad,neutral,0.665
,sad,angry,0.4816
,sad,neutral,0.3986
,sad,fear,0.3071
,sad,sad,0.6257
,sad,angry,0.3997
,sad,sad,0.2353
,sad,neutral,0.324
,sad,neutral,0.3333
,sad,neutral,0.5469
,sad,angry,0.2851
,sad,angry,0.4174
,sad,happy,0.34
,sad,sad,0.505
,sad,neutral,0.4194
,sad,neutral,0.4029
,sad,sad,0.2844
,sad,sad,0.3456
,sad,fear,0.2785
,sad,sad,0.6039
,sad,happy,0.4121
,sad,sad,0.3726
,sad,sad,0.36
,sad,sad,0.3337
,sad,neutral,0.3065
,sad,neutral,0.2388
,sad,neutral,0.2651
,sad,neutral,0.4404
,sad,happy,0.4628
,sad,sad,0.3127
,surprise,surprise,0.5558
,surprise,neutral,0.3016
,surprise,fear,0.5649
,surprise,surprise,0.497
,surprise,happy,0.5408
,surprise,angry,0.2476
,surprise,surprise,0.6775
,surprise,disgust,0.2839
,surprise,surprise,0.7213
,surprise,neutral,0.4981
,surprise,surprise,0.5068
,surprise,surprise,0.3097
,surprise,surprise,0.7123
,surprise,surprise,0.6099
,surprise,surprise,0.7502
,surprise,surprise,0.6989
,surprise,surprise,0.6508
,surprise,neutral,0.3712
,surprise,surprise,0.4244
,surprise,surprise,0.9732
,surprise,fear,0.2745
,surprise,surprise,0.8776
,surprise,surprise,0.9235
,surprise,surprise,0.8588
,surprise,surprise,0.7039
,surprise,surprise,0.6454
,surprise,surprise,0.9838
,surprise,angry,0.3639
,surprise,surprise,0.4064
,surprise,fear,0.3973
,surprise,happy,0.6806
,surprise,surprise,0.9524
,surprise,surprise,0.8276
,surprise,surprise,0.9275
,surprise,surprise,0.6579
,surprise,surprise,0.9662
,surprise,neutral,0.5886
,surprise,neutral,0.4297
,surprise,surprise,0.8206
,surprise,happy,0.3102
,surprise,surprise,0.5047
,surprise,surprise,0.9763
,surprise,surprise,0.8052
,surprise,surprise,0.8314
,surprise,happy,0.521
,surprise,surprise,0.5376
,surprise,surprise,0.3463
,surprise,surprise,0.66
,surprise,surprise,0.3455
,surprise,surprise,0.7954
,surprise,surprise,0.8885
,surprise,surprise,0.8688
,surprise,surprise,0.8066
,surprise,disgust,0.515
,surprise,surprise,0.4725
,surprise,surprise,0.5074
,surprise,surprise,0.4833
,surprise,disgust,0.3115
,surprise,surprise,0.4628
,surprise,surprise,0.9948
,surprise,surprise,0.5131
,surprise,surprise,0.6227
,surprise,disgust,0.3825
,surprise,neutral,0.4944
,surprise,fear,0.5371
,surprise,surprise,0.7101
,surprise,surprise,0.5788
,surprise,surprise,0.9329
,surprise,sad,0.2304
,surprise,surprise,0.9209
,surprise,fear,0.3172
,surprise,fear,0.5068
,surprise,fear,0.8877
,surprise,happy,0.6385
,surprise,happy,0.3026
,surprise,fear,0.2564
,surprise,surprise,0.8465
,surprise,sad,0.5533
,surprise,surprise,0.8716
,surprise,surprise,0.3146
,surprise,surprise,0.5674
,surprise,surprise,0.6817
,surprise,surprise,0.826
,surprise,surprise,0.9726
,surprise,angry,0.291
,surprise,surprise,0.5
,surprise,surprise,0.5351
,surprise,surprise,0.6644
,surprise,surprise,0.9289
,surprise,angry,0.4026
,surprise,surprise,0.3793
,surprise,surprise,0.8372
,surprise,neutral,0.4794
,surprise,surprise,0.395
,surprise,surprise,0.8316
,surprise,surprise,0.9163
,surprise,surprise,0.7889
,surprise,surprise,0.9685
,surprise,surprise,0.7515
,surprise,surprise,0.3927
,surprise,angry,0.2377
,surprise,surprise,0.9982
,surprise,surprise,0.8963
,surprise,surprise,0.3345
,surprise,surprise,0.9051
,surprise,surprise,0.8494
,surprise,surprise,0.7319
,surprise,fear,0.4681
,surprise,neutral,0.6354
,surprise,surprise,0.98
,surprise,surprise,0.5913
,surprise,surprise,0.8391
,surprise,surprise,0.4679
,surprise,surprise,0.5996
,surprise,happy,0.3115
,surprise,surprise,0.9134
,surprise,angry,0.3007
,surprise,surprise,0.763
,surprise,surprise,0.8973
,surprise,surprise,0.8013
,surprise,surprise,0.5173
,surprise,neutral,0.4794
,surprise,surprise,0.899
,surprise,fear,0.4828
,surprise,neutral,0.4888
,surprise,surprise,0.9858
,surprise,surprise,0.9861
,surprise,surprise,0.7486
,surprise,surprise,0.986
,surprise,surprise,0.8918
,surprise,disgust,0.3523
,surprise,surprise,0.4054
,surprise,surprise,0.7988
,surprise,surprise,0.7526
,surprise,surprise,0.3204
,surprise,surprise,0.4061
,surprise,surprise,0.6002
,surprise,surprise,0.866
,surprise,fear,0.5457
,surprise,surprise,0.3436
,surprise,surprise,0.9486
,surprise,surprise,0.8803
,surprise,fear,0.3686
,surprise,surprise,0.579
,surprise,fear,0.3189
,surprise,surprise,0.5147
,surprise,surprise,0.4307
,surprise,surprise,0.5774
,surprise,surprise,0.807
,surprise,surprise,0.9745
,surprise,surprise,0.5325
,surprise,surprise,0.3963
,surprise,sad,0.4268
,surprise,surprise,0.8177
,surprise,surprise,0.7441
,surprise,surprise,0.9807
,surprise,surprise,0.3015
,surprise,surprise,0.7211
,surprise,surprise,0.3432
,surprise,disgust,0.2789
,surprise,neutral,0.5415
,surprise,fear,0.3705
,surprise,angry,0.2568
,surprise,neutral,0.5036
,surprise,surprise,0.5391
,surprise,surprise,0.8687
,surprise,surprise,0.9891
,surprise,surprise,0.8199
,surprise,surprise,0.988
,surprise,surprise,0.6247
,surprise,surprise,0.8708
,surprise,fear,0.4113
,surprise,surprise,0.7578
,surprise,surprise,0.4774
,surprise,surprise,0.9392
,surprise,surprise,0.5193
,surprise,sad,0.213
,surprise,surprise,0.9879
,surprise,surprise,0.9202
,surprise,surprise,0.2983
,surprise,fear,0.2791
,surprise,surprise,0.8669
,surprise,sad,0.3357
,surprise,surprise,0.6883
,surprise,surprise,0.6377
,surprise,neutral,0.2808
,surprise,fear,0.547
,surprise,surprise,0.5529
,surprise,surprise,0.5894
,surprise,surprise,0.5331
,surprise,sad,0.302
,surprise,neutral,0.3643
,surprise,sad,0.2628
,surprise,surprise,0.6227
,surprise,surprise,0.4726
,surprise,happy,0.2413
,surprise,surprise,0.7626
,surprise,fear,0.6661
,surprise,surprise,0.633
,surprise,neutral,0.5092
,surprise,surprise,0.3263
,surprise,surprise,0.9433
,surprise,surprise,0.9568
,surprise,surprise,0.8937
,surprise,surprise,0.9313
,surprise,surprise,0.9557
,surprise,surprise,0.632
,surprise,surprise,0.9219
,surprise,fear,0.6401
,surprise,surprise,0.4796
,surprise,surprise,0.6443
,surprise,surprise,0.7533
,surprise,surprise,0.3351
,surprise,surprise,0.9056
,surprise,surprise,0.5565
,surprise,surprise,0.9591
,surprise,surprise,0.3479
,surprise,fear,0.4504
,surprise,surprise,0.7645
,surprise,surprise,0.9412
,surprise,surprise,0.5902
,surprise,surprise,0.5056
,surprise,surprise,0.6465
,surprise,surprise,0.9444
,surprise,fear,0.4368
,surprise,neutral,0.3884
,surprise,angry,0.2984
,surprise,surprise,0.9892
,surprise,happy,0.304
,surprise,surprise,0.9864
,surprise,surprise,0.8482
,surprise,neutral,0.5545
,surprise,surprise,0.5628
,surprise,neutral,0.3709
,surprise,surprise,0.6388
,surprise,surprise,0.439
,surprise,surprise,0.9748
,surprise,surprise,0.3083
,surprise,surprise,0.5304
,surprise,surprise,0.705
,surprise,surprise,0.5932
,surprise,surprise,0.9215
,surprise,surprise,0.9537
,surprise,neutral,0.4117
,surprise,happy,0.3055
,surprise,disgust,0.483
,surprise,surprise,0.5807
,surprise,surprise,0.5731
,surprise,angry,0.4222
,surprise,surprise,0.8634
,surprise,happy,0.4594
,surprise,surprise,0.548
,surprise,surprise,0.9882
,surprise,surprise,0.5529
,surprise,happy,0.4598
,surprise,surprise,0.6557
,surprise,surprise,0.7317
,surprise,disgust,0.4692
,surprise,surprise,0.7066
,surprise,fear,0.3731
,surprise,surprise,0.9944
,surprise,surprise,0.4244
,surprise,fear,0.3061
,surprise,sad,0.2745
,surprise,neutral,0.3865
,surprise,surprise,0.2613
,surprise,happy,0.2726
,surprise,surprise,0.9137
,surprise,surprise,0.9518
,surprise,surprise,0.5567
,surprise,surprise,0.295
,surprise,surprise,0.7476
,surprise,sad,0.3018
,surprise,angry,0.3575
,surprise,surprise,0.8188
,surprise,happy,0.4988
,surprise,surprise,0.9759
,surprise,surprise,0.6068
,surprise,surprise,0.9495
,surprise,surprise,0.5
,surprise,angry,0.3281
,surprise,surprise,0.9118
,surprise,surprise,0.9828
,surprise,surprise,0.9543
,surprise,surprise,0.8974
,surprise,angry,0.3062
,surprise,surprise,0.5418
,surprise,surprise,0.7684
,surprise,surprise,0.5073
,surprise,surprise,0.3682
,surprise,surprise,0.7387
,surprise,fear,0.3276
,surprise,surprise,0.4322
,surprise,happy,0.5362
,surprise,surprise,0.9684
,surprise,surprise,0.6199
,surprise,surprise,0.8309
,surprise,disgust,0.3836
,surprise,angry,0.6753
,surprise,surprise,0.8438
,surprise,angry,0.3572
,surprise,surprise,0.6369
,surprise,surprise,0.4159
,surprise,surprise,0.7165
,surprise,neutral,0.3037
,surprise,surprise,0.503
,surprise,angry,0.2579
,surprise,fear,0.617
,surprise,surprise,0.8374
,surprise,surprise,0.9262
,surprise,fear,0.3566
,surprise,happy,0.5093
,surprise,surprise,0.6081
,surprise,neutral,0.3553
,surprise,neutral,0.4379
,surprise,surprise,0.5074
,surprise,sad,0.402
,surprise,surprise,0.3616
,surprise,surprise,0.6494
,surprise,disgust,0.9174
,surprise,surprise,0.9559
,surprise,fear,0.5726
,surprise,surprise,0.5718
,surprise,surprise,0.579
,surprise,surprise,0.6867
,surprise,surprise,0.7714
,surprise,happy,0.3215
,surprise,surprise,0.9002
,surprise,surprise,0.9851
,surprise,surprise,0.908
,surprise,surprise,0.6821
,surprise,surprise,0.387
,surprise,surprise,0.8366
,surprise,neutral,0.3242
,surprise,surprise,0.5375
,surprise,surprise,0.6405
,surprise,neutral,0.2932
,surprise,fear,0.5724
,surprise,surprise,0.3151
,surprise,surprise,0.4859
,surprise,surprise,0.7965
,surprise,surprise,0.3611
,surprise,surprise,0.7629
,surprise,fear,0.3444
,surprise,surprise,0.8147
,surprise,surprise,0.4661
,surprise,angry,0.4026
,surprise,surprise,0.8709
,surprise,surprise,0.532
,surprise,surprise,0.9556
,surprise,surprise,0.8599
,surprise,fear,0.5276
,surprise,surprise,0.6052
,surprise,surprise,0.9153
,surprise,surprise,0.8709
,surprise,sad,0.3216
,surprise,surprise,0.5716
,surprise,surprise,0.8925
,surprise,surprise,0.3606
,surprise,surprise,0.9403
,surprise,neutral,0.5754
,surprise,surprise,0.8006
,surprise,surprise,0.9432
,surprise,neutral,0.3529
,surprise,surprise,0.3752
,surprise,surprise,0.8055
,surprise,surprise,0.7988
,surprise,surprise,0.4126
,surprise,surprise,0.822
,surprise,fear,0.3939
,surprise,surprise,0.478
,surprise,surprise,0.7904
,surprise,surprise,0.9467
,surprise,neutral,0.3801
,surprise,surprise,0.9924
,surprise,surprise,0.9865
,surprise,happy,0.2996
,surprise,surprise,0.8566
,surprise,fear,0.4995
,surprise,happy,0.793
,surprise,surprise,0.3054
,surprise,surprise,0.7411
,surprise,angry,0.2946
,surprise,surprise,0.6421
,surprise,surprise,0.7854
,surprise,surprise,0.9599
,surprise,fear,0.5352
,surprise,happy,0.2756
,surprise,happy,0.8458
,surprise,surprise,0.785
,surprise,surprise,0.7063
,surprise,happy,0.5445
,surprise,happy,0.7473
,surprise,surprise,0.4454
,surprise,surprise,0.6845
,surprise,neutral,0.7291
,surprise,surprise,0.8539
,surprise,surprise,0.7915
,surprise,surprise,0.7483
,surprise,surprise,0.325
,surprise,happy,0.5538
,surprise,surprise,0.7603
,surprise,happy,0.8316
,surprise,surprise,0.9077
,surprise,neutral,0.2895
,surprise,angry,0.2528
,surprise,surprise,0.7346
,surprise,surprise,0.6535
,surprise,surprise,0.9805
,surprise,surprise,0.9682
,surprise,surprise,0.3554
,surprise,surprise,0.9182
,surprise,fear,0.5931
,surprise,surprise,0.9078
,surprise,neutral,0.3469
,surprise,surprise,0.9672
,surprise,surprise,0.7204
,surprise,fear,0.3731
,surprise,angry,0.2637
,surprise,surprise,0.9012
,surprise,surprise,0.6446
,surprise,surprise,0.4265
,surprise,surprise,0.9974
,surprise,surprise,0.6025
,surprise,surprise,0.9181
,surprise,surprise,0.9557
,surprise,surprise,0.6245
,surprise,surprise,0.6708
,surprise,fear,0.5649
,surprise,surprise,0.344
,surprise,surprise,0.9792
,surprise,surprise,0.4248
,surprise,fear,0.5313
,surprise,surprise,0.8643
,surprise,surprise,0.7496
,surprise,surprise,0.5713
,surprise,surprise,0.2717
,surprise,surprise,0.5054
,surprise,surprise,0.7484
,surprise,sad,0.4204
,surprise,sad,0.3094
,surprise,surprise,0.9565
,surprise,surprise,0.7614
,surprise,sad,0.3133
,surprise,surprise,0.84
,surprise,surprise,0.7432
,surprise,surprise,0.6603
,surprise,surprise,0.852
,surprise,surprise,0.9696
,surprise,surprise,0.6365
,surprise,surprise,0.2811
,surprise,surprise,0.6686
,surprise,surprise,0.9636
,surprise,surprise,0.8901
,surprise,surprise,0.8727
,surprise,surprise,0.9349
,surprise,surprise,0.5193
,surprise,surprise,0.9325
,surprise,surprise,0.3993
,surprise,surprise,0.5011
,surprise,happy,0.6517
,surprise,surprise,0.9772
,surprise,surprise,0.927
,surprise,surprise,0.9813
,surprise,surprise,0.4272
,surprise,surprise,0.8802
,surprise,surprise,0.8732
,surprise,surprise,0.7909
,surprise,surprise,0.6248
,surprise,disgust,0.3761
,surprise,surprise,0.8246
,surprise,neutral,0.3369
,surprise,surprise,0.9357
,surprise,surprise,0.9495
,surprise,surprise,0.7035
,surprise,surprise,0.994
,surprise,angry,0.6263
,surprise,surprise,0.901
,surprise,surprise,0.7904
,surprise,surprise,0.8204
,surprise,surprise,0.3399
,surprise,neutral,0.314
,surprise,fear,0.3523
,surprise,surprise,0.9441
,surprise,surprise,0.2646
,surprise,surprise,0.3187
,surprise,surprise,0.702
,surprise,surprise,0.9469
,surprise,surprise,0.5675
,surprise,disgust,0.4195
,surprise,neutral,0.2721
,surprise,surprise,0.5535
,surprise,surprise,0.9091
,surprise,surprise,0.5898
,surprise,happy,0.5861
,surprise,surprise,0.9393
,surprise,surprise,0.4509
,surprise,surprise,0.9834
,surprise,surprise,0.9918
,surprise,surprise,0.8384
,surprise,surprise,0.5431
,surprise,surprise,0.5423
,surprise,happy,0.5205
,surprise,surprise,0.8722
,surprise,surprise,0.9626
,surprise,surprise,0.6743
,surprise,neutral,0.4285
,surprise,surprise,0.8049
,surprise,surprise,0.5927
,surprise,surprise,0.929
,surprise,surprise,0.9978
,surprise,surprise,0.9091
,surprise,fear,0.5601
,surprise,neutral,0.401
,surprise,fear,0.5253
,surprise,surprise,0.4391
,surprise,surprise,0.2585
,surprise,surprise,0.5246
,surprise,surprise,0.4908
,surprise,surprise,0.9935
,surprise,surprise,0.5628
,surprise,surprise,0.8214
,surprise,fear,0.2735
,surprise,surprise,0.9453
,surprise,neutral,0.4992
,surprise,surprise,0.9643
,surprise,neutral,0.2349
,surprise,surprise,0.8536
,surprise,surprise,0.6744
,surprise,surprise,0.918
,surprise,surprise,0.8627
,surprise,fear,0.3884
,surprise,surprise,0.792
,surprise,surprise,0.3795
,surprise,surprise,0.5529
,surprise,sad,0.2554
,surprise,disgust,0.4636
,surprise,surprise,0.9517
,surprise,surprise,0.522
,surprise,surprise,0.8042
,surprise,surprise,0.9482
,surprise,surprise,0.9793
,surprise,surprise,0.4117
,surprise,surprise,0.5789
,surprise,surprise,0.763
,surprise,angry,0.3678
,surprise,surprise,0.9911
,surprise,surprise,0.7973
,surprise,surprise,0.6259
,surprise,fear,0.5533
,surprise,surprise,0.5839
,surprise,surprise,0.9523
,surprise,surprise,0.5468
,surprise,sad,0.3216
,surprise,surprise,0.5737
,surprise,surprise,0.9446
,surprise,surprise,0.4997
,surprise,surprise,0.9465
,surprise,surprise,0.8174
,surprise,surprise,0.84
,surprise,surprise,0.9201
,surprise,surprise,0.6186
,surprise,surprise,0.5336
,surprise,surprise,0.7945
,surprise,neutral,0.1985
,surprise,surprise,0.9035
,surprise,neutral,0.535
,surprise,angry,0.4424
,surprise,surprise,0.4748
,surprise,neutral,0.7299
,surprise,surprise,0.9961
,surprise,surprise,0.8446
,surprise,surprise,0.9467
,surprise,surprise,0.9707
,surprise,surprise,0.9468
,surprise,surprise,0.7813
,surprise,surprise,0.88
,surprise,surprise,0.5994
,surprise,surprise,0.8409
,surprise,surprise,0.5267
,surprise,surprise,0.7011
,surprise,neutral,0.272
,surprise,surprise,0.8374
,surprise,surprise,0.2911
,surprise,angry,0.2611
,surprise,surprise,0.7106
,surprise,neutral,0.249
,surprise,neutral,0.4481
,surprise,surprise,0.2479
,surprise,surprise,0.4094
,surprise,surprise,0.5948
,surprise,surprise,0.6209
,surprise,surprise,0.8623
,surprise,surprise,0.5956
,surprise,happy,0.4033
,surprise,surprise,0.7981
,surprise,surprise,0.83
,surprise,surprise,0.7
,surprise,surprise,0.3655
,surprise,angry,0.3581
,surprise,surprise,0.9794
,surprise,surprise,0.3583
,surprise,surprise,0.3496
,surprise,surprise,0.2854
,surprise,neutral,0.4084
,surprise,surprise,0.6353
,surprise,surprise,0.9955
,surprise,surprise,0.9915
,surprise,surprise,0.9899
,surprise,surprise,0.8334
,surprise,surprise,0.5614
,surprise,surprise,0.7747
,surprise,surprise,0.9537
,surprise,surprise,0.7621
,surprise,surprise,0.9816
,surprise,surprise,0.3274
,surprise,neutral,0.2932
,surprise,surprise,0.5934
,surprise,surprise,0.4062
,surprise,neutral,0.2939
,surprise,surprise,0.9133
,surprise,angry,0.6
,surprise,surprise,0.7762
,surprise,surprise,0.8448
,surprise,surprise,0.7667
,surprise,surprise,0.8436
,surprise,surprise,0.855
,surprise,surprise,0.9582
,surprise,surprise,0.9761
,surprise,surprise,0.7611
,surprise,angry,0.3578
,surprise,surprise,0.8908
,surprise,fear,0.5001
,surprise,happy,0.4434
,surprise,surprise,0.6754
,surprise,surprise,0.9199
,surprise,surprise,0.8809
,surprise,surprise,0.7935
,surprise,surprise,0.3658
,surprise,fear,0.3535
,surprise,surprise,0.9025
,surprise,fear,0.4098
,surprise,surprise,0.3996
,surprise,surprise,0.8205
,surprise,surprise,0.6904
,surprise,surprise,0.9636
,surprise,surprise,0.5792
,surprise,surprise,0.5638
,surprise,surprise,0.9883
,surprise,surprise,0.9465
,surprise,surprise,0.3607
,surprise,happy,0.5062
,surprise,surprise,0.8925
,surprise,neutral,0.4963
,surprise,surprise,0.7034
,surprise,fear,0.4277
,surprise,disgust,0.357
,surprise,happy,0.3999
,surprise,surprise,0.843
,surprise,surprise,0.7241
,surprise,surprise,0.9004
,surprise,surprise,0.8228
,surprise,angry,0.4087
,surprise,surprise,0.9394
,surprise,surprise,0.8698
,surprise,neutral,0.4658
,surprise,surprise,0.7123
,surprise,surprise,0.8918
,surprise,surprise,0.8307
,surprise,surprise,0.8503
,surprise,surprise,0.3405
,surprise,neutral,0.3563
,surprise,sad,0.2498
,surprise,happy,0.4782
,surprise,surprise,0.7269
,surprise,surprise,0.78
,surprise,surprise,0.5409
,surprise,surprise,0.9792
,surprise,surprise,0.9777
,surprise,surprise,0.2296
,surprise,sad,0.2499
,surprise,angry,0.5101
,surprise,neutral,0.5607
,surprise,surprise,0.4844
,surprise,surprise,0.5
,surprise,surprise,0.9743
,surprise,surprise,0.9962
,surprise,surprise,0.4269
,surprise,neutral,0.398
,surprise,surprise,0.6328
,surprise,angry,0.2776
,surprise,angry,0.2899
,surprise,fear,0.4648
,surprise,sad,0.3115
,surprise,surprise,0.8736
,surprise,surprise,0.7335
,surprise,surprise,0.9746
,surprise,surprise,0.4019
,surprise,surprise,0.9018
,surprise,surprise,0.9091
,surprise,surprise,0.7935
,surprise,neutral,0.5183
,surprise,surprise,0.8938
,surprise,surprise,0.9126
,surprise,surprise,0.7778
,surprise,surprise,0.9137
,surprise,sad,0.3619
,surprise,fear,0.3818
,surprise,surprise,0.819
,surprise,surprise,0.4499
,surprise,disgust,0.4304
,surprise,surprise,0.4504
,surprise,surprise,0.4388
,surprise,surprise,0.8397
,surprise,surprise,0.9942
,surprise,neutral,0.3316
,surprise,surprise,0.6005
,surprise,surprise,0.9692
,surprise,surprise,0.8598
,surprise,surprise,0.664
,surprise,surprise,0.9922
,surprise,surprise,0.9467
,surprise,neutral,0.3916
,surprise,surprise,0.4207
,surprise,neutral,0.341
,surprise,surprise,0.7434
,surprise,surprise,0.7796
,surprise,surprise,0.9446
,surprise,surprise,0.8987
,surprise,surprise,0.5712
,surprise,surprise,0.2753
,surprise,surprise,0.6883
,surprise,surprise,0.8678
,surprise,surprise,0.7
,surprise,happy,0.315
,surprise,surprise,0.5369
,surprise,surprise,0.4646
,surprise,angry,0.2965
,surprise,fear,0.3701
,surprise,surprise,0.7702
,surprise,surprise,0.651
,surprise,surprise,0.9544
,surprise,fear,0.517
,surprise,surprise,0.987
,surprise,surprise,0.5271
,surprise,surprise,0.6895
,surprise,angry,0.4381
,surprise,surprise,0.9523
,surprise,surprise,0.8914
,surprise,sad,0.3488
,surprise,surprise,0.4616
,surprise,happy,0.5208
,surprise,angry,0.3519
,surprise,angry,0.3627
,surprise,surprise,0.9914
,surprise,surprise,0.8137
,surprise,surprise,0.8658
,surprise,surprise,0.8813
,surprise,angry,0.2468
,surprise,surprise,0.9941
,surprise,surprise,0.9495
,surprise,happy,0.3537
,surprise,neutral,0.3469
,surprise,happy,0.3551
,surprise,surprise,0.8228
,surprise,sad,0.2898
,surprise,surprise,0.7422
,surprise,surprise,0.8882
,surprise,fear,0.3627
,surprise,surprise,0.5884
,surprise,surprise,0.4494
,surprise,surprise,0.7457
,surprise,surprise,0.6743
,surprise,surprise,0.6508
,surprise,angry,0.2847
,surprise,neutral,0.5545
,surprise,surprise,0.4364
,surprise,surprise,0.6508
,surprise,surprise,0.6791
,surprise,surprise,0.3303
,surprise,surprise,0.6067
,surprise,surprise,0.9024
,surprise,surprise,0.9181
,surprise,surprise,0.7998
,surprise,surprise,0.957
,surprise,surprise,0.7065
,surprise,surprise,0.6567
,surprise,neutral,0.3065
,surprise,surprise,0.6154
,surprise,surprise,0.9996
,surprise,surprise,0.8799
,surprise,surprise,0.4425
,surprise,fear,0.3272
,surprise,surprise,0.5173
,surprise,surprise,0.4225
,surprise,surprise,0.8243
,surprise,surprise,0.9081
,surprise,surprise,0.9275
,surprise,surprise,0.3426
,surprise,surprise,0.4936
,surprise,surprise,0.6871
,surprise,fear,0.2941
,surprise,surprise,0.5102
,surprise,surprise,0.8648
,surprise,surprise,0.9955
,surprise,angry,0.33
,surprise,surprise,0.4785
,surprise,happy,0.6217
,surprise,surprise,0.5899
,surprise,angry,0.5295
,surprise,happy,0.4117
,surprise,neutral,0.3309
,surprise,surprise,0.8037
,surprise,surprise,0.8987
,surprise,surprise,0.821
,surprise,surprise,0.9572
,surprise,surprise,0.9199
,surprise,fear,0.2029
,surprise,surprise,0.9947
,surprise,surprise,0.597
,surprise,surprise,0.8947
,surprise,neutral,0.4266
,surprise,surprise,0.374
,surprise,surprise,0.9564
,surprise,surprise,0.6382
,surprise,happy,0.4975
,surprise,happy,0.4555
,surprise,surprise,0.2535
,surprise,surprise,0.8455
,surprise,surprise,0.9336
,surprise,surprise,0.6248
